age,tenure_months,monthly_income,monthly_spend,transactions_last_30d,avg_session_minutes,products_owned,complaints_last_6m,days_since_last_login,discount_usage_rate,support_tickets_last_90d,website_visits_last_30d,region,channel,plan_type,segment,device_type,tenure_cohort,spend_band,actual_churn,predicted_churn_probability,predicted_churn,actual_clv,predicted_clv,actual_engagement,predicted_engagement
33,98,3297.958353641905,470.7894729504898,12,17.085548808186136,1,2,46,0.3290106880474878,2,7,West,Mobile,Standard,Loyal,Desktop,49+,Mid-High,0.0,0.0001333552168836,0,13719.235,13477.98589343802,41.669346,48.93708707884793
74,58,6087.540727519179,153.30145861387894,6,11.394939009980517,6,1,47,0.2955203385040228,0,14,East,Web,Premium,HighValue,Android,49+,Low,0.0,5.12818143557696e-05,0,10301.221,11987.0936673507,57.870564,57.95522503201147
40,114,6032.703667599948,542.4228915111391,8,20.528259911682834,6,0,99,0.1394556663525747,1,16,South,Web,Standard,HighValue,Desktop,49+,High,0.0,9.98868409144691e-09,0,18213.895,19120.608431037563,49.623325,45.53037505229337
74,119,6188.349765055144,234.8094837212788,6,18.45830458493209,4,0,98,0.2846809097134297,3,10,North,Web,Premium,Growth,iOS,49+,Low,0.0,0.0467315554880307,0,14116.625,13502.669264367283,43.53548,38.56129843605263
34,62,8713.7296440856,644.101628786105,10,21.06764610332654,4,1,44,0.3265241772251614,1,18,North,Mobile,Standard,Budget,iOS,49+,High,0.0,8.17627113738741e-05,0,17606.188,17508.91489874767,56.69279,60.45118453323451
55,53,6885.96875807674,673.6719181802625,6,15.85478665977686,3,1,90,0.0560720282039264,0,18,North,Web,Basic,HighValue,Desktop,49+,High,0.0,1.1924929894282049e-05,0,17762.582,17617.84577104518,41.500263,42.31603510138656
26,115,5412.199873795003,583.2050734424799,4,29.986803066053447,7,1,23,0.4843059732748912,0,8,Central,Store,Basic,Loyal,Desktop,49+,High,0.0,1.2105574336135642e-08,0,14909.64,15845.483951424976,56.784264,70.73409438193322
43,44,7292.036223524095,197.9391020083352,5,45.10873032639216,5,0,100,0.2058621196249716,1,17,East,Web,Premium,Loyal,Desktop,25-48,Low,1.0,0.643680313390044,0,10666.275,12312.962084182023,46.202366,50.55094236894803
21,47,5454.063483926832,586.0343977450334,5,22.608998514306784,1,2,53,0.2091853758695311,1,10,North,Partner,Standard,HighValue,iOS,25-48,High,0.0,0.0001749221909469,0,16783.385,16354.289844882418,46.655945,48.20623264974959
69,1,7467.273389000652,540.8681488272191,8,20.154583907064392,5,1,48,0.2349465496093245,1,14,Central,Partner,Basic,Budget,Android,0-6,High,0.0,0.1304759317813804,0,12718.923,12089.6418111165,61.95375,57.41622862789709
68,50,,503.6758152414261,8,17.552070719249567,1,1,10,0.3632621658112709,2,11,West,Store,Basic,Budget,Android,49+,Mid-High,0.0,0.0001765615319568,0,11521.58,12975.599322547005,63.61601,60.45898525337905
54,100,7403.529690310562,86.80133869373384,5,36.12536118312418,1,3,16,0.3688188790415792,1,9,Central,Mobile,Enterprise,Budget,Android,49+,Low,0.0,1.1357202703219758e-09,0,11364.518,12332.506783883648,63.477085,65.64344894319268
59,94,7303.95005421436,474.7852605241791,10,20.057712550627453,5,2,54,0.2140061550485299,0,15,East,Web,Basic,Budget,Android,49+,Mid-High,0.0,0.0001526182546926,0,15816.865,15091.216050619536,55.64441,52.479606105129605
66,1,7308.842202935304,364.5874650115185,7,18.4995373987162,2,0,40,0.1947910800977115,3,14,West,Store,Basic,Budget,Desktop,0-6,Mid-Low,0.0,0.7092452820364644,0,10199.266,10460.14935126083,60.4312,51.57836531977831
64,54,5646.720047619379,281.77596950575673,10,26.182751330613264,7,0,39,0.0964478765731863,1,12,East,Mobile,Premium,Loyal,Desktop,49+,Low,0.0,0.0001515588482581,0,12679.93,12942.029340557972,77.48945,72.4427166281929
35,113,3094.205542676515,541.4521169598885,9,12.314972294876997,5,4,15,0.8068703396383998,2,8,North,Web,Premium,Growth,Android,49+,High,0.0,6.298540109505485e-07,0,15398.775,14575.627390351345,64.67255,65.69985523216798
33,59,7522.915620113414,557.045914112169,8,22.51812215044293,4,1,21,0.2941175749679314,2,16,South,Web,Basic,HighValue,Tablet,49+,High,0.0,3.987072840133875e-06,0,15740.964,16914.93161270069,65.92521,66.56229280190401
20,105,8402.086541853896,281.55030053482994,8,17.003765393710125,4,1,81,0.1375312150421632,0,16,West,Mobile,Standard,Budget,Android,49+,Low,0.0,5.259378701324873e-06,0,14767.959,14179.267429146668,53.437134,45.95570007758968
28,70,7228.366960179078,640.4615671273857,9,14.77648469416395,4,2,27,0.0416342300106308,1,21,West,Web,Standard,Growth,Desktop,49+,High,0.0,1.3280241184023804e-05,0,15596.006,18005.704845456774,63.150974,60.79175308340558
22,8,2323.241897510341,147.78290258235734,7,20.32419257366098,1,2,91,0.3731106148706755,0,18,South,Mobile,Premium,Budget,iOS,7-12,Low,0.0,0.7668850986375569,0,3627.6943,5932.113297461265,32.32829,38.499467928371104
55,49,6083.225889442406,465.37427213274594,9,5.15432741666395,4,0,109,0.2368051654516554,2,22,East,Web,Standard,HighValue,Android,49+,Mid-High,0.0,0.0075821948486319,0,16032.862,15698.826841627915,43.153194,33.49491976634054
66,95,7891.5153473359715,208.0417088160046,10,14.403662272724254,6,0,83,0.4275497473427912,1,16,East,Web,Standard,Budget,iOS,49+,Low,0.0,0.0009209460003213,0,13693.67,12977.516131898394,38.80272,48.17913800767737
41,114,3532.309241620463,566.4881277642363,6,29.79406113668445,2,0,23,0.4180741736257746,3,13,East,Web,Premium,Budget,Android,49+,High,0.0,4.3688343194805164e-08,0,12469.782,14517.03621527752,83.72401,65.70192589281754
35,24,,597.2800309955703,6,39.26288923083544,4,1,3,0.1464349701256931,1,14,East,Web,Enterprise,Budget,Android,13-24,High,0.0,7.255689607861441e-08,0,16046.351,16145.927596060896,76.01887,79.20695501058759
18,75,4959.741298006091,301.84937023154293,9,17.57850441725438,2,1,37,0.4733290270914794,2,19,East,Web,Standard,Growth,Android,49+,Mid-Low,0.0,2.3253792102218777e-06,0,12766.837,11155.857736725557,52.506638,55.88114706257007
60,27,7989.042839044216,503.00793611401474,3,23.39882897738632,5,0,45,0.2774773225027405,2,10,Central,Mobile,Standard,Growth,Android,25-48,Mid-High,0.0,4.05781905477233e-07,0,13762.205,15078.624618926538,53.257973,55.04928062954395
43,117,6845.330979507272,342.4868516777758,10,19.848557279750334,3,0,3,0.3384385101974172,0,9,North,Mobile,Enterprise,Loyal,Android,49+,Mid-Low,0.0,4.154982106056141e-10,0,19359.12,18896.734152435805,72.016464,69.77678461270474
27,5,9088.602606956836,207.2940390483751,9,30.24130578012833,3,0,53,0.396212267111881,4,13,South,Web,Basic,Budget,iOS,0-6,Low,0.0,0.6970661235669929,0,8821.925,10402.4575602755,49.556976,49.168310496741874
50,23,7721.186834062522,262.6065550600134,13,27.149583561041613,6,0,65,0.4007318212979939,2,12,East,Partner,Basic,Growth,Android,13-24,Low,0.0,0.9457853006843372,1,11975.02,11514.257304645173,51.11628,56.72346509288095
23,66,11654.2854182323,483.2534518648403,9,31.69302845642323,4,1,39,0.1154168387480683,4,21,East,Store,Standard,Budget,iOS,49+,Mid-High,0.0,8.754782250679635e-06,0,17541.55,17833.700270687925,59.256115,63.53832363035749
37,12,6626.77007895111,393.7616798081932,6,28.200775795210813,2,1,33,0.024139765920059,0,18,South,Store,Standard,Loyal,iOS,7-12,Mid-Low,0.0,2.2461874225045323e-06,0,10640.048,12445.49202708727,71.98998,64.42969126506111
33,118,10644.384268606564,692.7047491388486,9,30.673420951819168,6,2,68,0.389128517258321,1,17,South,Web,Basic,Growth,Tablet,49+,High,0.0,6.202671112722697e-08,0,22309.066,20730.34269388868,56.29985,55.65217383200167
25,45,5221.471075641816,341.950562066176,8,38.59486609650895,3,0,94,0.2781726009223946,4,12,North,Web,Standard,Loyal,Android,25-48,Mid-Low,0.0,0.5518027482566146,0,11267.782,11282.372306268073,38.034554,45.19994791978162
37,17,5096.831051549423,794.9121474424403,7,24.827438675648,6,2,19,0.3097661294244735,3,10,East,Web,Premium,Growth,Android,13-24,High,0.0,1.622306259119136e-06,0,16279.819,17076.029370136166,61.438343,69.04121873717447
31,106,,418.98147866471294,8,50.37359779598523,1,0,66,0.2828962155611801,1,13,South,Mobile,Basic,HighValue,Desktop,49+,Mid-High,0.0,3.3310128591113165e-05,0,12965.375,15929.323490855322,56.395416,56.890635218243055
34,87,6481.8887979470765,645.812294165158,9,7.955843530076976,2,0,25,0.1231033156784457,2,17,South,Mobile,Basic,HighValue,Desktop,49+,High,0.0,1.5070263097492618e-06,0,18478.896,18228.80987329096,59.620094,58.81235315325311
45,9,6380.126193512831,355.52713109314624,9,1.0,3,2,48,0.4314441806718368,3,22,South,Web,Basic,HighValue,iOS,7-12,Mid-Low,0.0,0.005364601685532,0,10762.23,12023.449239338646,47.3543,47.54254280554623
70,81,7450.664536764292,280.3887044044918,12,19.86406166174456,4,1,103,0.1966759098921883,1,12,West,Mobile,Basic,Loyal,Desktop,49+,Low,0.0,0.0016421549230746,0,13651.026,13420.666693425648,34.90459,37.94261679552884
29,28,5106.98873079175,156.25161322854007,9,26.822634060513856,7,2,61,0.51427944173134,1,17,Central,Mobile,Basic,Loyal,Android,25-48,Low,0.0,6.079595695309743e-06,0,7951.15,8698.40218278017,61.642952,58.09236985691139
46,112,10379.488901020748,580.2846160622887,7,2.4867279924116943,7,2,8,0.0184756820802982,2,9,North,Mobile,Standard,Budget,Android,49+,High,0.0,2.152691468177622e-06,0,20102.768,19604.056735625607,62.973793,63.948057794202526
67,10,7958.586144515719,308.6707766902187,6,3.932147573229969,5,1,27,0.346049953470228,1,11,West,Web,Standard,Budget,Desktop,7-12,Mid-Low,0.0,4.099708395604516e-06,0,11157.892,11250.34677127313,55.37005,56.40355612306574
25,50,9158.559202137169,729.9772238569934,10,29.497222846649866,1,0,71,0.0997067241037713,0,19,North,Web,Standard,HighValue,iOS,49+,High,0.0,3.436891624820466e-06,0,23292.852,22033.537614680048,54.72943,54.99939731616248
44,115,7406.885525843983,455.4653355315745,7,27.95200093795425,2,2,70,0.634178315601173,0,13,West,Store,Basic,Growth,Android,49+,Mid-High,0.0,0.0005086531724373,0,16083.357,16019.661776027737,40.681915,47.34450394312726
67,38,6804.0955203040485,409.93402464347673,8,35.60062248817643,3,0,116,0.0284591962267044,1,18,South,Mobile,Premium,Growth,Android,25-48,Mid-Low,0.0,0.0007704982253804,0,14925.403,14428.841047939875,39.2908,39.73456425808755
67,43,3864.0023434852,567.5610704352989,5,11.214014494027817,1,1,116,0.4840392009181364,0,14,West,Web,Basic,Budget,Android,25-48,High,0.0,0.994675393508752,1,9559.633,11203.223311010865,25.568222,27.657961201287087
31,94,6582.819143213729,20.0,9,33.08189923390368,3,0,23,0.1723022658691224,3,12,Central,Web,Basic,Growth,iOS,49+,Low,0.0,0.0003779668588236,0,11639.473,10014.9399845999,70.04077,66.83444857900781
72,20,1408.8392381205697,623.6098608655163,9,,6,0,75,0.1037374336304967,3,11,North,Mobile,Premium,Budget,Android,13-24,High,0.0,0.0024423462775115,0,9330.621,10052.640189902362,59.015156,50.84871437186557
57,45,5557.472193999922,602.1154770898281,7,25.90111707665845,4,0,13,0.6992732399516602,1,12,West,Mobile,Premium,Budget,Desktop,25-48,High,0.0,3.367959138939892e-07,0,13685.231,14858.525277446042,76.16099,73.75795492804875
74,31,6992.095332290223,490.8046748026573,8,32.87813039965385,4,2,84,0.2619053001759507,3,8,West,Web,Basic,Growth,iOS,25-48,Mid-High,0.0,0.5950928659380397,0,13268.771,12993.303740060695,37.33031,44.78555324919721
58,51,6015.53903480503,426.41642233741743,7,13.299478896195826,1,0,1,0.1424802050038129,3,15,Central,,Standard,Loyal,iOS,49+,Mid-High,0.0,4.646093267938355e-06,0,11648.032,14288.117732196337,66.89675,63.167762264223406
64,79,6269.501574300624,221.41342993845868,8,3.066118558026332,2,0,33,0.4404645816787483,1,10,North,Mobile,Premium,Growth,Android,49+,Low,0.0,1.4360719203964715e-05,0,13534.345,12117.285938405428,45.636105,51.74211075748837
71,63,3028.9428988395653,418.3056307751345,6,12.475484701445918,3,0,81,0.0524183545230122,2,18,South,Web,Premium,Budget,iOS,49+,Mid-Low,0.0,0.0022251849253929,0,10637.918,11170.476223259517,38.982384,41.83229496588521
26,108,6353.104201036359,189.5731062106245,4,32.851192841284714,6,0,38,0.4519849392073711,0,16,Central,Web,Basic,Budget,Android,49+,Low,0.0,3.682912708020583e-08,0,10141.001,11024.272237388846,76.71881,67.55199394665615
39,86,1334.249526378182,366.7336885728205,12,35.79414810938102,4,1,16,0.4675016259711909,2,19,Central,Web,Basic,Growth,iOS,49+,Mid-Low,0.0,1.8588254691143927e-08,0,9839.72,9504.620724547633,66.542564,74.91806563916774
41,79,8602.893334354956,790.2860368120619,12,29.964596320560943,2,0,13,0.4081100057331234,3,16,North,Web,Enterprise,Growth,Desktop,49+,High,0.0,1.9378458249213294e-13,0,25532.648,23908.99723868925,65.831635,70.308815286633
61,49,7952.479171298822,373.6166578895862,9,20.52753879444548,4,0,10,0.2746951170044917,1,14,North,Web,Premium,Loyal,Android,49+,Mid-Low,0.0,7.388506737201266e-07,0,14341.283,15896.07782468879,80.76133,71.08678540611541
60,38,5998.9251648327845,396.92181677826,8,17.281200984504107,7,1,109,0.1942343690371775,1,13,West,,Basic,Growth,Desktop,25-48,Mid-Low,0.0,0.0166130733483448,0,10517.653,12216.952803349785,41.451668,39.17324499678031
64,12,8213.102040596737,687.9247494221715,6,4.732802135900098,6,1,29,0.3133112690543501,0,17,West,Mobile,Premium,Loyal,iOS,7-12,High,0.0,1.0248561384512021e-08,0,21218.047,20090.90624787549,58.225998,65.06034667648478
29,27,6875.245258894278,20.0,9,32.546067333839,3,1,59,0.3819878913408766,1,14,Central,Mobile,Standard,Loyal,Android,25-48,Low,0.0,3.107545115383098e-05,0,7443.9766,9257.27466496289,61.44496,55.2879154400777
42,71,2549.650914586903,518.5343025715434,6,28.87679507084604,1,0,76,0.4721194679337789,0,24,Central,Web,Standard,Growth,Tablet,49+,Mid-High,0.0,0.0007929655533403,0,13484.288,11874.35814348584,50.619473,50.54934195418645
56,81,7060.602280363396,504.0706838227595,7,38.77204991765075,7,0,16,0.3569949529912514,2,17,East,Mobile,Basic,HighValue,iOS,49+,Mid-High,0.0,1.4405479657027297e-08,0,16558.545,16321.463941644432,83.07846,80.31143194977517
30,89,8102.123836072904,413.78045893103695,9,42.25647103157209,2,0,29,0.2319467614096713,3,14,West,Web,Standard,Growth,iOS,49+,Mid-Low,0.0,4.028801285081482e-05,0,15200.848,15725.082201599804,72.46698,66.12001417962452
42,1,10187.247209271844,477.9856441642171,8,,4,0,93,0.1730600873340868,1,18,East,Mobile,Enterprise,Growth,Android,0-6,Mid-High,0.0,1.990375238911744e-05,0,17614.746,17753.526012194263,42.96991,44.35010434391145
29,63,10996.709277518014,516.2418548093955,7,37.52219404532636,5,0,116,0.1814154621982532,2,24,Central,Mobile,Basic,HighValue,iOS,49+,Mid-High,0.0,0.0001316248382806,0,19930.303,19753.386395767557,42.633434,44.34986743870209
65,72,4450.241092760831,447.00128571939706,11,31.24857615637569,4,1,15,0.2925262985204981,0,13,North,Mobile,Enterprise,Budget,iOS,49+,Mid-High,0.0,6.42969109247364e-08,0,13218.186,13783.547641312723,82.40803,75.62980516067444
37,50,5623.115938538104,355.1444792822323,5,31.592173598582363,3,1,3,0.4179372444664462,1,13,South,Mobile,Basic,Budget,Desktop,49+,Mid-Low,0.0,8.74951435777238e-08,0,10927.41,11123.61989129568,69.008514,71.29919278526465
59,78,9813.567687945815,441.4421595612205,8,32.87716924807582,5,2,109,0.299542544721009,0,14,East,Mobile,Basic,Growth,Tablet,49+,Mid-High,0.0,0.000540566416946,0,15201.014,16818.33752700635,40.801277,43.76780946733651
66,35,10158.316416840928,283.29269370087843,5,27.320464193210174,5,1,14,0.3257309127363855,1,14,Central,Web,Premium,Loyal,Android,25-48,Low,0.0,2.150014708873295e-07,0,15509.117,15533.736276742497,77.42332,73.22919676052197
64,47,5005.711738120179,286.2448490064712,14,16.12761354349538,5,0,47,0.5158480053772606,2,17,Central,Mobile,Enterprise,Growth,Desktop,25-48,Low,0.0,0.0012982733917099,0,10875.71,11594.550795120338,62.192528,61.43573641105576
41,8,6516.3617053818125,148.39964491801072,7,24.63419135726348,2,0,30,0.345442943764126,3,13,West,Mobile,Basic,Growth,Desktop,7-12,Low,0.0,0.2317718517056773,0,8429.104,8610.517964835475,56.70004,57.89384220913356
50,38,7584.12474263176,287.84841885946787,5,20.04439223882435,6,0,118,0.3121687483448623,2,13,Central,Web,Standard,Budget,Android,25-48,Low,0.0,0.851569430679035,1,10561.029,11753.679891914906,37.66267,36.47170280535789
20,4,4795.877034652314,517.3045386887327,16,23.170838601337053,6,0,45,0.3344283538937805,2,12,West,Web,Standard,Loyal,Android,0-6,Mid-High,0.0,0.0001108913642831,0,12170.663,12736.262516636638,62.696167,65.08443078534485
25,38,10839.55450070319,435.8310171495266,10,11.518318355540128,6,0,94,0.3027245647218515,0,5,West,Mobile,Premium,Loyal,Desktop,25-48,Mid-High,0.0,1.1418492992368733e-08,0,18524.377,18562.319358136643,35.066345,45.31979924940709
74,13,8593.41457177399,481.9881956517257,2,20.417058956824757,3,0,39,0.4447826613708869,4,17,North,Mobile,Premium,Budget,Desktop,13-24,Mid-High,0.0,0.0001213833027919,0,13990.322,13850.685175382348,60.531292,55.22759726165274
31,112,3887.7064593219,398.850912053087,8,8.939712442666998,1,0,59,0.4146934797482605,2,14,Central,Mobile,Standard,Loyal,Android,49+,Mid-Low,0.0,1.7519444436765598e-06,0,13813.28,13259.214196258286,35.859314,45.03147630119357
24,55,8570.764072671622,337.4738770228564,13,12.828521586204536,5,0,78,0.2314623559886134,1,15,North,Web,Basic,HighValue,Tablet,49+,Mid-Low,0.0,8.709576825768508e-06,0,15700.889,15846.843714224437,42.515244,46.87641237974785
59,40,9106.330755338207,475.69385772886886,7,13.327704932932916,6,0,34,0.5274076679005474,0,10,East,Mobile,Basic,Budget,iOS,25-48,Mid-High,0.0,6.393700539647238e-07,0,13641.19,14590.270375631051,65.01865,63.21343426926325
30,12,6897.94397404487,396.5016064844545,7,17.365009586033658,4,1,43,0.2726517172987532,0,12,Central,Mobile,Basic,Growth,Desktop,7-12,Mid-Low,0.0,0.0004396817925353,0,12685.503,11347.493405344896,50.67542,53.33711066340653
32,34,4783.905052070106,428.8944274259365,9,36.54381190707378,5,1,103,0.1698052926342069,4,14,South,Mobile,Basic,Growth,Android,25-48,Mid-High,0.0,0.8569974141506694,1,9682.095,10669.230676776411,43.833057,41.526057500196096
67,2,6021.158733496144,379.6891948279054,7,1.0,6,1,60,0.4140949247952252,0,14,South,Mobile,Premium,Growth,Desktop,0-6,Mid-Low,0.0,4.418628099983026e-05,0,10900.717,11748.663792189102,52.904694,48.87087270252933
53,57,5979.65486610738,512.1414005580906,8,24.07684002956824,5,1,59,0.3288354516355587,0,17,South,Web,Standard,Growth,Android,49+,Mid-High,0.0,1.7939092824743865e-05,0,13581.458,14640.641894831131,59.162697,56.53785108623151
43,118,7598.712137465953,692.3373560542836,6,15.705844806010084,4,0,53,0.2321796684507907,2,17,South,Partner,Premium,Growth,Android,49+,High,0.0,5.102655308615669e-07,0,21649.559,20691.920193411952,57.850018,55.49396451147942
56,71,6515.3668157630655,534.2096671310228,3,21.793597629889376,4,1,42,0.4034604521540487,0,21,West,Store,Premium,HighValue,Android,49+,Mid-High,0.0,2.22525059514916e-08,0,20673.328,19347.00467550949,58.603794,61.53266679382234
35,68,10247.196037238158,320.1837715806664,7,27.398555980566044,5,0,98,0.0686047289635277,1,13,North,Mobile,Basic,Growth,Desktop,49+,Mid-Low,0.0,0.0205393255726849,0,15922.791,15666.63996373082,41.241734,43.72455018393302
59,74,2613.558083455452,281.65230886091587,12,8.815660808229298,3,1,73,0.23330478136485,0,22,South,Partner,Standard,Growth,iOS,49+,Low,0.0,2.186055195172433e-06,0,10622.634,9292.78736477809,38.50309,43.35001655223158
69,112,5288.502137355123,318.948988037552,3,19.915497944062228,5,0,106,0.3314556798902719,1,15,West,Web,Standard,Loyal,iOS,49+,Mid-Low,0.0,0.0088741745905069,0,14418.405,14003.737828215362,36.648506,38.535924439278986
26,77,7590.136353118771,364.1178366812281,8,30.07534817969685,6,0,95,0.1296508690262881,0,16,East,Partner,Standard,Budget,Tablet,49+,Mid-Low,0.0,5.49814809775459e-06,0,12226.8955,13788.026073668492,50.115738,48.67021577653648
52,44,6721.768515011503,889.7908957706134,8,13.0525069964313,3,1,12,0.3992410407769343,0,21,Central,Store,Standard,Growth,Desktop,25-48,High,0.0,6.132422192252519e-08,0,19273.057,19716.13510386669,67.80515,66.51019519403017
38,96,6705.403424449509,392.0339447960095,8,38.43291063208971,5,1,27,0.3566240685447781,0,6,Central,Partner,Premium,Growth,Tablet,49+,Mid-Low,0.0,5.075155919956533e-07,0,16978.072,14652.439166784836,67.83528,71.91764576792939
43,36,4997.965741430683,645.1608819645223,11,26.301871217833067,5,0,109,0.7249840015340431,2,14,Central,,Basic,Growth,Android,25-48,High,0.0,0.2256976847782418,0,13539.06,13607.354568541752,46.74359,38.050911397462485
63,58,1200.0,320.14192301854376,9,27.860640437286907,4,2,118,0.4776533314844549,3,4,North,Mobile,Standard,Growth,Tablet,49+,Mid-Low,0.0,0.1153937434832632,0,6380.173,7772.926457092114,29.159386,35.33050067573289
74,43,8724.41341229138,384.1779007059752,10,26.81015089599999,1,0,27,0.3275838579992515,2,8,Central,,Basic,Growth,Tablet,25-48,Mid-Low,0.0,1.9436192729933861e-07,0,12869.879,14379.175059267596,60.45349,57.3879949589701
40,120,5032.162643312953,713.8265401670236,8,29.423172362308883,2,0,84,0.5621709928647587,2,11,West,Web,Enterprise,HighValue,Desktop,49+,High,0.0,2.8009717157795178e-11,0,26745.984,23937.84326794709,45.51783,46.25615157993705
63,48,,230.1193982596191,12,27.112106510773376,1,0,46,0.5018890671370229,2,14,North,Web,Basic,Budget,Android,25-48,Low,0.0,0.001073760818396,0,8693.445,10397.895327622316,53.60154,54.64158482770336
59,34,,405.7388200901745,9,18.302487400750337,3,0,25,0.1099840378747879,3,16,North,Web,Standard,Budget,Desktop,25-48,Mid-Low,0.0,2.457296443569356e-05,0,11280.479,12177.168746688156,63.319454,62.31149130678438
62,14,4243.25411316337,723.2847323402516,9,21.51023876679009,2,0,84,0.3256743114125046,2,15,East,Web,Premium,HighValue,Android,13-24,High,0.0,0.0022529851635317,0,19014.975,18352.30197383879,37.539604,43.833349850266686
59,74,7758.390402263905,613.3984205056568,6,36.9941717129606,3,0,14,0.3648295683142418,2,15,West,Web,Standard,Budget,iOS,49+,High,0.0,1.561926722451358e-05,0,15918.912,16307.436528124534,75.09201,73.6741408982697
41,8,4150.672300750352,145.30088007532515,10,39.41781790198655,5,1,40,0.3552941508070285,1,12,East,Web,Standard,HighValue,iOS,7-12,Low,0.0,5.448666814739033e-06,0,5856.3086,8285.303100535753,71.27344,66.20849911669626
70,58,8561.178227469032,171.57770164774902,15,23.783072093551468,3,3,103,0.4566868382449478,3,19,East,Mobile,Basic,Loyal,Desktop,49+,Low,0.0,0.0578390390200666,0,11725.314,12185.418686868365,33.885513,35.76554615495414
18,79,5929.592856366742,638.7522310747598,10,16.53187749846224,1,2,81,0.1684736105993943,2,18,West,Web,Standard,Growth,iOS,49+,High,0.0,0.0248448850898884,0,15758.603,16644.29203762879,39.895107,39.37467157230367
62,89,8164.799406277541,250.1075839958424,9,14.259957628329966,5,1,27,0.3936616951475403,1,17,Central,Mobile,Premium,HighValue,Android,49+,Low,0.0,5.2918886282405136e-05,0,17771.37,16201.029271764108,65.096695,64.22998828607113
61,65,6894.500702551567,27.52059839990102,4,29.119208066649964,3,2,73,0.3683553233555043,0,14,West,Partner,Basic,HighValue,iOS,49+,Low,1.0,0.0001310952433858,0,8301.193,10268.68423513448,48.406044,50.598255824077576
46,55,3906.87951004824,253.9215945597208,4,43.24638462609439,7,0,76,0.1182637628791023,1,16,Central,Partner,Standard,Growth,Tablet,49+,Low,0.0,7.092363174778469e-06,0,10313.685,9963.199345872938,48.88767,63.1922717358422
46,105,5275.007533154454,116.22284923656645,10,,6,2,35,0.3389416683053965,0,14,West,Mobile,Premium,HighValue,Desktop,49+,Low,0.0,1.273234223029121e-07,0,10110.161,11193.255957878187,67.2576,65.28608840346938
72,79,4356.853848088311,379.4742628219179,9,40.457919505220254,7,0,64,0.4662209168976465,3,11,East,Web,Standard,Growth,iOS,49+,Mid-Low,0.0,7.019860782309599e-06,0,12484.308,12042.054055302007,68.04626,67.09333809617627
29,96,4740.876535118445,365.1004133089965,4,27.564403910665348,2,0,39,0.4667200748825896,2,9,North,Mobile,Premium,Growth,Desktop,49+,Mid-Low,0.0,1.4366902861913846e-06,0,13015.961,13136.064022584507,74.03372,57.582419436979954
19,12,2810.3919713612363,,6,7.424933273285767,5,1,36,0.0622343356418919,2,9,North,Web,Standard,Loyal,Android,7-12,Mid-Low,0.0,0.0003507104224414,0,9999.419,8787.626738063398,47.791386,53.56547305684947
32,52,5165.403954310258,136.5490754929313,10,23.54857052395635,7,1,61,0.4424547242176892,0,9,West,Web,Enterprise,Growth,Desktop,49+,Low,0.0,0.0001408596576426,0,8526.929,10122.45300189075,69.99596,57.67980401748122
72,24,6102.5625594994135,465.5995368191912,3,24.247034363371863,2,0,10,0.3034379261202091,2,21,West,Web,Premium,Loyal,iOS,13-24,Mid-High,0.0,1.2841420794265025e-06,0,15804.652,15258.125574266862,70.42393,68.53034714685016
49,45,4698.084185138627,178.54696173590628,11,28.6393975492943,1,0,25,0.2595263695099884,1,13,Central,Mobile,Standard,HighValue,iOS,25-48,Low,0.0,1.4244531503837042e-06,0,9855.758,9882.274867288348,69.41787,62.47693542468304
43,94,7235.459920252219,330.7061089756361,9,22.20769098176444,2,1,79,0.3257702249212773,4,12,West,Web,Premium,Budget,Android,49+,Mid-Low,0.0,0.0035401782343477,0,13361.198,14098.537086964789,56.386627,41.11546598208707
21,15,2180.610984815855,716.7814738313914,8,35.921022415291205,6,1,65,0.4454458690535772,1,13,North,Partner,Enterprise,Growth,Android,13-24,High,0.0,1.0449595526701807e-06,0,16860.418,15827.05536635714,64.59577,62.9825867707095
65,80,7199.91309233202,429.2197965866199,7,17.213218511537512,3,1,102,0.5750438849660807,2,18,North,Web,Standard,Loyal,Desktop,49+,Mid-High,0.0,0.7258227279479277,0,14465.452,15856.12330119025,42.93711,37.52575110143134
67,6,7258.257070216761,301.21156622013683,8,24.761857650606267,6,0,64,0.3573284804355084,0,12,North,Web,Basic,Budget,Tablet,0-6,Mid-Low,0.0,2.4156048927938924e-05,0,10513.716,11085.321091972237,61.5993,58.38252455332397
28,53,9370.125947364117,,7,27.74880554433984,7,1,15,0.2747813314836817,1,13,West,Store,Basic,Growth,Android,49+,Mid-Low,0.0,1.628564175913567e-06,0,13595.467,14775.699047187793,76.34464,74.32269189153362
28,55,6721.368643837973,193.80018504887548,3,36.423116474164665,7,2,72,0.1595724631463498,2,11,South,Store,Basic,HighValue,Android,49+,Low,0.0,0.0044035261297271,0,11900.503,11041.207943863668,64.848976,56.837496826380765
67,114,8444.762953033269,414.17289845078193,12,30.790300832190823,5,0,112,0.0408581855300921,1,11,North,Web,Premium,Budget,iOS,49+,Mid-Low,0.0,0.0019361151495978,0,18839.707,16854.55813744456,37.095043,43.51600780175413
51,50,4601.3842963934185,761.9549915124519,7,28.03817723898817,6,1,25,0.4502320015006543,2,16,North,Mobile,Basic,Loyal,Desktop,49+,High,0.0,1.354531090174555e-06,0,13810.847,15287.42888749897,70.079346,71.9623958699433
31,98,8592.24693959194,438.231503955897,9,30.612374161871653,2,0,82,0.2440076038473373,0,18,South,Web,Standard,Growth,Desktop,49+,Mid-High,0.0,7.8191073205405e-05,0,18152.885,17633.362511742784,53.697838,47.91327637568771
25,21,5161.098027747587,433.30119901864873,7,49.55107700425267,6,0,91,0.4115229826534093,3,16,South,Web,Basic,Loyal,iOS,13-24,Mid-High,0.0,0.7463060855686394,0,8338.623,11394.035108848597,59.678757,54.294560771466266
47,13,6714.343351630125,637.4715725706017,8,20.416189949537618,3,1,69,0.3895444823243808,1,6,Central,Store,Basic,HighValue,Tablet,13-24,High,0.0,0.0024900006508772,0,16175.949,15931.745157524803,50.51583,42.99327458842645
33,87,5491.184147711363,577.6843808434384,10,4.8842745502908365,1,0,6,0.0938895458506895,2,12,South,Mobile,Enterprise,Growth,Android,49+,High,0.0,1.5486800062596275e-09,0,17295.855,18758.11144658448,65.67138,63.06850379152157
26,81,3889.159648257597,315.07310134960915,8,10.001530068537312,6,0,26,0.4019403092883845,0,16,South,Mobile,Basic,Growth,Tablet,49+,Mid-Low,0.0,1.0896930816824001e-07,0,9712.934,10819.19115923243,61.59729,65.20124348129633
34,42,6852.317162813823,246.78317529775995,6,28.42600075549952,1,0,4,0.287951766938358,1,14,East,Mobile,Enterprise,Growth,Android,25-48,Low,0.0,2.0192230748282249e-10,0,12445.102,13396.189988191853,75.56161,69.20568659787565
30,63,9221.732146053177,680.0287170047507,10,41.30549814515325,6,0,107,0.2709177918040475,3,16,East,Partner,Standard,HighValue,iOS,49+,High,0.0,1.8317899074815843e-09,0,21692.23,21627.809168235264,42.400368,53.3424128191102
69,53,6873.307199887053,617.7088192915171,19,24.26850289863132,3,2,22,0.4920913605931452,0,12,North,Mobile,Basic,HighValue,Desktop,49+,High,0.0,3.0978434141264966e-08,0,16110.758,17246.97039951884,83.429276,67.5463996504525
45,18,1480.34344067473,308.17781431220385,4,18.72325526847489,2,0,110,0.5913471258455006,0,15,,Mobile,Basic,Budget,iOS,13-24,Mid-Low,0.0,0.9729562253835106,1,4304.9087,6742.800769331676,39.31898,34.90660782652651
65,113,7944.047661850909,656.09072198572,12,25.443191244096223,3,0,45,0.0465303114134334,1,17,East,Web,Basic,Budget,iOS,49+,High,0.0,4.517237630287859e-05,0,17983.426,17263.80074481947,60.441868,60.554456780643726
57,92,5560.643182685123,294.0030769214218,8,29.87101216922492,3,1,97,0.1194095086754543,2,17,South,,Basic,Budget,iOS,49+,Low,0.0,0.0086679963402335,0,11387.61,11619.041048970195,41.224243,40.74093265855824
42,57,4249.812183040069,56.111549377511096,11,20.696460736204862,1,2,42,0.131214522252247,1,19,East,Mobile,Basic,Budget,Desktop,49+,Low,0.0,1.1190680673568689e-07,0,5993.646,6868.439981288362,57.10738,55.41039817168582
25,10,3922.73711406383,295.22205104409,2,32.26705348944214,7,0,115,0.3089874286979138,1,21,North,Partner,Premium,Growth,iOS,7-12,Low,1.0,0.6103541522890255,0,8700.924,9559.56794826467,41.34148,43.19320886107959
49,29,6878.529629205769,425.1026773425907,14,17.217381124142232,4,1,0,0.2061742114010737,2,13,North,,Standard,Budget,Android,25-48,Mid-High,0.0,1.0753961629015397e-06,0,12699.123,13329.6263145514,78.010864,70.40778888900951
59,52,6184.693649158423,455.2974492411725,8,21.616810262548547,5,0,57,0.1172099667647648,1,17,Central,Partner,Enterprise,Growth,Desktop,49+,Mid-High,0.0,2.4241501874338624e-06,0,18220.123,15976.780870363453,70.618996,57.51117725402065
39,114,,294.1590970675573,9,8.90976787080438,5,1,71,0.3593981016104752,3,16,West,Mobile,Enterprise,Growth,iOS,49+,Low,0.0,0.000339649239372,0,15345.077,15118.776752977046,53.35599,46.6835324879037
72,43,9005.603345256104,763.3075963811962,6,39.97559780843784,4,1,96,0.3561233334901648,2,12,North,Store,Premium,Growth,Desktop,25-48,High,0.0,1.091916571382046e-05,0,20385.318,19831.250247781303,49.912094,49.74445919849008
50,90,7496.077693265744,606.8203646581937,13,15.896159781809336,3,0,50,0.5162447026326166,1,16,North,Partner,Basic,Growth,Android,49+,High,0.0,5.0180807477595e-05,0,17592.85,17237.04864249019,59.623444,52.45459530812124
40,16,3404.135581090782,65.24273165815981,5,22.37491184097589,7,0,55,0.1641366163282283,2,19,West,Mobile,Basic,Budget,Android,13-24,Low,0.0,0.0241348052380266,0,3355.9165,6242.8046138842765,60.68464,61.24139507736972
48,7,8181.212755498242,448.0026642240444,6,17.245033969236466,3,2,115,0.335984303073334,1,18,Central,Web,Standard,Budget,Desktop,7-12,Mid-High,0.0,0.7274341590074147,0,11814.329,12750.597751493584,31.779978,32.52742007700965
47,89,5679.594910991877,602.1073154184062,9,37.65470619178343,5,0,42,0.2034063819255271,1,13,South,Mobile,Basic,Budget,iOS,49+,High,0.0,0.0001532427431284,0,13436.578,14124.72696698081,77.676544,71.74296172065552
41,59,5392.216700705241,656.4557482565947,8,19.290671297874336,1,0,35,0.3722956047454897,2,19,West,Web,Premium,HighValue,Android,49+,High,0.0,5.5318052072157396e-08,0,21101.479,20569.061054465685,59.21285,60.51922716965405
65,15,5523.361712243238,858.7148323218305,6,28.048006843986467,2,1,115,0.610278769500404,0,19,South,Mobile,Basic,Budget,Android,13-24,High,0.0,0.9638054937532672,1,13926.725,13841.004682319504,26.64156,34.7879210346335
72,89,8886.867503212457,430.3974887975513,11,28.18507178191136,1,3,26,0.0870290355646637,2,13,South,Web,Standard,Loyal,Tablet,49+,Mid-High,0.0,4.153667434346134e-09,0,18367.943,17373.727158686044,64.504684,61.45810471291696
57,51,4808.712977166475,227.92682110725204,9,38.20685266577607,4,1,111,0.3718345649047911,2,18,North,Mobile,Standard,Budget,iOS,49+,Low,0.0,0.0548276301024994,0,8846.647,9830.51135819008,53.068974,44.1877205805539
46,17,6663.757507119936,362.3679740864882,17,24.158340421384047,4,0,38,0.3224739687796466,1,12,North,Web,Premium,HighValue,iOS,13-24,Mid-Low,0.0,4.033537435918724e-07,0,14086.254,15193.310257571691,69.551125,65.46283049620733
52,11,9667.898891142988,448.02334625237313,10,15.526443680564002,6,2,76,0.6768320355106302,0,17,South,Mobile,Basic,Budget,iOS,7-12,Mid-High,0.0,0.1019936548724839,0,13104.603,13828.456080941854,42.768135,46.07505918718286
67,29,5990.805127027161,412.5759307146933,3,16.250892461899472,1,0,12,0.3962501627740856,1,11,Central,Mobile,Basic,Growth,Desktop,25-48,Mid-Low,0.0,1.2129031779702214e-05,0,11810.655,11366.309447794854,49.126583,56.19869580642116
41,60,6008.468359968366,413.49336329300746,6,16.205368352787406,4,1,53,0.0088545882989501,0,11,Central,Web,Enterprise,Loyal,Android,49+,Mid-Low,0.0,3.648795395229147e-05,0,17344.87,16863.405988121456,58.61131,55.74113726265454
64,80,6538.311347796108,352.77806374486494,9,25.03282982923185,6,0,101,0.1376470086020038,0,12,West,Web,Standard,HighValue,Android,49+,Mid-Low,0.0,4.5735583260162846e-05,0,15194.891,15537.468081842962,44.134068,44.623445387562846
26,60,6703.32652414632,483.3275261782852,3,25.618201146809696,7,1,35,0.1972571535119403,0,20,East,Web,Basic,Loyal,Android,49+,Mid-High,0.0,2.3292876731757614e-06,0,14431.027,14283.524626567185,73.31581,70.91510369720572
40,30,9821.344002212822,490.943982993392,6,34.82392737381561,1,1,28,0.1454807891443783,1,17,Central,Store,Standard,Loyal,Android,25-48,Mid-High,0.0,1.8749879064991095e-07,0,18022.887,17072.639505600302,68.2032,64.1278078673846
73,48,8154.475150233107,526.9521908231479,11,29.65800135710293,3,0,103,0.4448275582474221,1,15,North,Web,Enterprise,HighValue,Desktop,25-48,Mid-High,0.0,1.1114034266462379e-09,0,22790.467,20914.722164306244,54.278236,49.63993730672373
19,64,4570.743919876042,384.51348040350274,13,23.161560164128144,7,1,119,0.3308903311447508,3,19,West,Mobile,Standard,Loyal,Desktop,49+,Mid-Low,0.0,0.5039018467782219,0,13657.764,12305.19793214422,44.23086,43.30415892701267
28,98,7487.062351096834,360.9227633939501,11,21.69200281692821,4,0,111,0.0774588200514434,1,19,Central,Partner,Basic,Budget,Android,49+,Mid-Low,0.0,0.0002662752670585,0,15606.215,14053.432633003393,44.02606,38.86849510837372
71,92,7744.624709798692,,4,25.51587842395945,4,0,115,0.2323032462123909,0,16,Central,Web,Standard,Loyal,iOS,49+,Mid-Low,0.0,4.260217531327335e-05,0,13827.959,16384.59188747782,40.727184,37.92329315600453
26,113,3850.520348413078,510.0883968556285,10,38.74474672941107,1,1,3,0.0638759885408366,0,16,South,Mobile,Basic,Loyal,Desktop,49+,Mid-High,0.0,3.254458733891432e-07,0,14909.796,13948.880119484107,77.97913,77.40062912127324
66,17,6218.40665453053,599.9035352461307,5,21.34789859723863,7,0,61,0.1720851117144208,2,14,,Store,Basic,Loyal,Desktop,13-24,High,0.0,1.1006589145183462e-05,0,13009.308,14563.524820596862,52.788414,56.551402372879046
49,40,6871.09789070312,508.6429675208638,11,21.256990814639845,4,2,40,0.4138220921561233,1,17,West,Mobile,Premium,Loyal,Android,25-48,Mid-High,0.0,1.5196971101776494e-07,0,14943.705,17143.892437171522,54.748272,60.85540669409691
68,112,3850.867632970256,618.3826274582486,7,25.647270561423763,2,1,114,0.5830539873513823,2,13,South,Partner,Standard,Loyal,Android,49+,High,0.0,6.761255314951659e-05,0,15809.0,16624.050048439218,28.683973,32.03915985564531
64,58,4607.650685624916,570.2016141622894,9,24.10375037887896,7,0,1,0.3173787043764333,1,11,North,Store,Premium,Loyal,iOS,49+,High,0.0,1.888704280512993e-07,0,15655.294,16162.776579361656,77.22413,80.48705959033781
66,41,6297.113452119691,307.296066416886,8,24.67667369633871,7,1,8,0.2875761556906049,3,12,West,Mobile,Standard,HighValue,Desktop,25-48,Mid-Low,0.0,1.667475019960622e-05,0,10948.07,12552.404823377869,80.66598,75.27460286903401
60,80,8207.206291856397,242.841106288356,11,23.81887578846812,3,0,16,0.214635103128133,2,14,South,Partner,Basic,Budget,Desktop,49+,Low,0.0,0.0021235793297848,0,14815.777,13218.842391727294,65.12151,68.39658308880476
74,21,,180.116583873406,4,17.936696673038362,1,2,11,0.2458706286736433,2,17,North,Mobile,Standard,HighValue,iOS,13-24,Low,0.0,4.47146196511888e-06,0,11424.974,10669.366657990427,63.505417,60.77115664330221
33,43,7699.5686626574625,472.0064750595498,10,40.928806868256885,1,2,53,0.261364115887109,4,13,West,Web,Basic,Growth,Android,25-48,Mid-High,0.0,0.1410429911875213,0,13711.079,13508.089584723542,52.0793,52.837246936888704
30,45,7711.22525221771,620.2929845503018,11,35.602401949064365,1,0,15,0.2147765006834066,1,24,North,Mobile,Premium,Budget,Desktop,25-48,High,0.0,4.7198507845832064e-06,0,17358.068,17043.244482508933,81.87236,74.047775600085
49,95,5463.801274343448,535.2349461875416,4,39.52557391641456,6,2,71,0.5315652100108083,1,16,North,Web,Basic,Loyal,iOS,49+,Mid-High,0.0,3.70543400064549e-05,0,16130.271,14677.4513316006,63.446064,57.56503840396284
36,52,7015.227133296052,423.7957744138818,5,21.755776489330778,1,0,11,0.3127227168968765,1,15,South,Web,Basic,Budget,Desktop,49+,Mid-High,0.0,0.0001046194231841,0,13371.658,12207.617505102991,61.779705,62.50408964489339
44,26,7470.429865607446,408.3502942960996,6,7.512890074455257,6,1,50,0.3377226608677497,5,18,South,Web,Basic,HighValue,Desktop,25-48,Mid-Low,0.0,0.012990762368072,0,12753.619,13768.309919064066,52.170357,53.91200642626488
41,21,4987.820244411754,461.703987771945,9,42.91244824251447,2,0,103,0.5641663006816341,0,14,,Mobile,Standard,Loyal,Android,13-24,Mid-High,0.0,0.0200274586637039,0,12522.873,12863.105311475862,34.42038,45.12135763817653
18,35,9129.407885286815,642.0393083703643,9,4.4516276410897575,4,0,104,0.2151528999360529,1,5,South,Web,Premium,Growth,iOS,25-48,High,0.0,7.108921742016512e-05,0,17667.652,18886.335189674974,22.92734,31.935185920740928
65,17,9620.4731107327,508.3166478732575,6,32.87111749693854,5,2,55,0.4603902310058683,1,20,Central,Mobile,Basic,Loyal,Desktop,13-24,Mid-High,0.0,6.04078424267511e-07,0,15246.269,16397.32397624943,64.95074,61.86139959935898
55,116,10136.23520994586,227.1065076968073,10,9.240090380530116,2,1,20,0.1443111178605831,2,14,West,Partner,Enterprise,Growth,Tablet,49+,Low,0.0,1.515178350117022e-08,0,18047.656,18417.75493779245,61.147762,56.79483503046656
59,25,6949.779375150983,209.4250008602006,5,15.717751626473763,4,0,26,0.1799493273422183,0,11,West,Store,Premium,HighValue,iOS,25-48,Low,0.0,2.1599447204398693e-05,0,11825.017,12183.218790594668,66.80843,66.4622172122406
23,99,9180.167429763398,273.6023588651626,6,17.143704608486782,1,0,84,0.2629525213179598,0,12,South,Store,Basic,Budget,iOS,49+,Low,0.0,0.0052365168263501,0,16114.905,14504.681793986254,40.033257,37.85987728733007
20,2,9663.663188121176,509.0305383484477,7,49.27201458080548,6,0,118,0.1608348245591982,2,9,West,Store,Standard,Loyal,Desktop,0-6,Mid-High,0.0,2.97264727385375e-07,0,17189.27,16804.052439614454,65.72099,46.25745636617651
63,58,7345.367901007584,395.8043398335901,13,52.20848247433328,4,1,81,0.428597410954569,2,21,West,Mobile,Basic,Budget,Android,49+,Mid-Low,0.0,3.680992325428524e-05,0,11169.812,12746.578112133198,56.605618,62.44235942355347
49,91,4035.019110036249,55.63222562276872,10,39.20921377402194,7,1,66,0.4018847045018873,3,10,East,Store,Premium,Growth,Desktop,49+,Low,0.0,3.852023986264537e-06,0,7300.551,8526.581346842842,66.70315,62.47677056873954
40,56,7355.708779288638,331.5057155545478,8,35.292581909596045,3,0,90,0.1598094496463609,1,15,North,Partner,Basic,Budget,Tablet,49+,Mid-Low,0.0,0.0005131253619103,0,11451.851,12846.196568070964,46.72254,46.1801360965037
53,13,5852.992521545006,155.39395437403334,14,20.496619326576084,6,1,25,0.1777456735473539,2,16,North,Mobile,Basic,Budget,Android,13-24,Low,0.0,0.0942374107946566,0,7231.9326,8584.247870398682,71.21859,64.20662647532419
41,83,5316.498614946986,497.4455429890077,6,12.045619273732722,4,0,109,0.2534282651579758,3,16,East,Web,Standard,Growth,Android,49+,Mid-High,0.0,0.008242220382056,0,14375.073,14275.90931427284,40.340878,32.93852685659506
48,54,9934.25044698551,459.259236246167,5,9.80021237217191,4,0,91,0.268205227406365,1,13,North,,Enterprise,Budget,Desktop,49+,Mid-High,0.0,1.3633233980766889e-05,0,18940.588,18011.420063044385,39.12067,43.67573930614455
30,113,5421.277422446266,283.1166803102112,12,20.537253657242385,1,0,89,0.4145232643779358,2,9,Central,Mobile,Standard,Growth,Android,49+,Low,0.0,4.9625261497519605e-06,0,12798.853,12746.587305068218,25.470469,39.05027544984796
71,54,3706.169207879396,546.6503911338322,10,26.7490682742994,7,1,86,0.2647239400155128,0,10,South,Store,Premium,Growth,iOS,49+,High,0.0,0.0006204935498102,0,13130.03,13314.23009407333,56.014256,51.344437216097305
35,118,7136.470198922275,363.88439897381846,8,3.578603758662428,3,1,28,0.1632462805109339,0,16,East,Web,Basic,HighValue,iOS,49+,Mid-Low,0.0,2.770464539016467e-05,0,15406.076,17160.106168792572,62.46232,53.55018512605213
41,92,5301.828543455746,626.6912213615901,3,32.96330144320094,7,0,36,0.1090240746269676,1,11,West,Web,Basic,HighValue,Android,49+,High,0.0,7.677646589448095e-07,0,17847.197,17135.46214485269,68.12443,69.71330213539618
59,67,2061.9642499862457,672.9114541138921,4,20.013236526137277,4,1,91,0.3212498943922969,1,12,East,Mobile,Basic,Budget,Android,49+,High,0.0,0.5390950923734501,0,10349.353,11132.274366351465,39.68846,40.54745150144012
52,57,6359.7501723058085,,8,2.2103826814042407,3,1,24,0.3359956890949084,4,7,North,Web,Standard,Growth,iOS,49+,Mid-Low,0.0,1.6792634232903925e-05,0,8584.994,13113.646178425157,53.615116,53.103129952568366
63,48,8061.122247083255,345.3891103560625,6,8.539504317838858,7,1,7,0.0371183744257867,2,8,North,Web,Basic,Budget,Android,25-48,Mid-Low,0.0,1.533722407428227e-06,0,11020.262,12250.682356094843,64.6486,66.89956718270612
62,3,5131.319543215945,488.38635209250725,3,,2,1,113,0.2429633126343859,1,3,South,Web,Premium,Growth,iOS,0-6,Mid-High,0.0,0.6954303961098878,0,11917.466,11764.69542126164,29.183475,32.6370902630929
40,101,5397.8192065930825,642.7247488324499,9,11.34642102551726,6,0,64,0.3146797002783861,2,12,West,Mobile,Standard,Growth,Android,49+,High,0.0,1.9225808087106985e-05,0,17991.605,16558.63315891087,53.32859,50.80944513971188
72,99,6154.101222839536,386.7359461963826,8,24.13124233633402,2,1,78,0.3458942375463429,1,13,South,Web,Standard,HighValue,Tablet,49+,Mid-Low,0.0,1.7914901121005202e-05,0,14359.85,15668.23135321984,51.024757,42.78620391125652
27,116,7746.537232237196,338.46772388314645,7,1.0,5,0,54,0.2734373870012169,1,11,West,Mobile,Standard,Loyal,Desktop,49+,Mid-Low,0.0,3.502815471892228e-06,0,16248.27,16666.99131935052,52.697723,48.960969748696
54,3,6912.866685312262,474.8607170675208,6,27.066917525187744,6,1,22,0.1409380636552502,3,9,Central,Mobile,Standard,Loyal,iOS,0-6,Mid-High,0.0,2.1701452894362737e-06,0,12551.616,14195.216392923605,63.87099,67.93731955673849
70,36,11629.26940362504,516.5763542387507,5,8.004558687542911,6,1,44,0.0771525264347872,2,10,South,Store,Premium,Loyal,Desktop,25-48,Mid-High,0.0,1.1106636639714939e-10,0,19889.998,20071.91837387601,55.904655,56.5790585792972
48,31,6615.451725774992,586.4618776475977,12,23.241610220034904,7,2,44,0.1540732848636784,0,16,,Store,Basic,Budget,Android,25-48,High,0.0,3.191677923205091e-05,0,12530.303,12593.947642117224,65.78422,65.02684611993612
72,7,3947.1784076504,697.7917919312283,6,32.73699627745274,5,0,22,0.113477471872982,1,11,East,Mobile,Basic,Loyal,Desktop,7-12,High,0.0,3.44211312901554e-06,0,13442.485,13440.717315556163,70.71061,73.25268124236119
71,69,6051.667347283147,565.4360775500795,11,30.29830635487508,7,3,68,0.5636323737791872,1,14,East,Mobile,Basic,Growth,Android,49+,High,0.0,0.0001997464097069,0,14807.388,13594.602597307883,59.385067,58.07244068526061
35,48,7958.806846948757,311.87626363221034,8,9.588617883033791,4,1,14,0.7138287885284818,2,11,Central,Web,Standard,Growth,Desktop,25-48,Mid-Low,0.0,1.768823335850351e-09,0,13842.206,13196.802360527514,70.79907,61.802408598176754
37,25,5134.810074019547,527.0080433790569,5,25.373725864244904,6,1,53,0.39346011844201,2,10,West,Web,Basic,HighValue,Desktop,25-48,Mid-High,0.0,0.0092611872646922,0,11677.6045,12857.193405609423,64.23445,54.81537372242202
18,96,7276.460392058298,477.12563887418565,4,26.830457370240754,3,2,54,0.144256975919513,2,12,East,Web,Basic,Growth,Android,49+,Mid-High,0.0,0.0004664705722346,0,16242.345,15086.34474906559,53.7072,51.42177737695982
40,38,3325.1463638088157,804.9714193082862,6,15.056673573973438,1,1,45,0.2469169681607452,0,18,East,Web,Basic,Growth,iOS,25-48,High,0.0,0.7340547694382752,0,13498.771,13160.72042068192,47.807922,46.21021177979664
41,9,7476.56424589435,239.67333679877004,10,18.876637845566982,4,0,14,0.465492763306515,0,19,North,Store,Basic,Growth,iOS,7-12,Low,0.0,5.212854116264494e-06,0,8953.013,10850.055811900493,84.86764,68.3261575703135
40,38,13400.709306309,20.0,11,24.00810425899797,4,1,19,0.1914709228004991,0,15,Central,Store,Premium,Loyal,Android,25-48,Low,0.0,7.765295083636262e-06,0,14698.797,15197.112903421305,68.93485,70.8126807520278
34,63,7195.372022737952,387.177778249987,8,41.189034587420124,2,2,32,0.2710446230732442,3,15,North,Mobile,Standard,Budget,Android,49+,Mid-Low,0.0,3.3517632359982342e-06,0,12087.177,13057.62850395752,57.61627,66.39661534031717
69,90,1200.0,347.5837785868736,10,13.89870414993156,3,0,40,0.1780347208234645,1,19,North,Web,Standard,Growth,Desktop,49+,Mid-Low,0.0,2.344624059016353e-05,0,7301.55,9358.969333528818,62.037563,58.28741983763929
63,29,,411.986499372496,9,33.69006182520874,2,0,45,0.4616816531139802,4,12,North,Web,Basic,HighValue,iOS,25-48,Mid-Low,0.0,0.0005013068964289,0,15228.095,12929.886252410686,60.23668,56.61196229299496
54,59,7262.372923002339,418.4419115285629,10,24.436265599837025,7,0,85,0.2190227473336219,3,17,South,Mobile,Basic,Growth,Desktop,49+,Mid-Low,0.0,0.009974085868804,0,13439.564,13700.222713322692,53.634983,51.0182265518786
49,79,6834.434711243114,704.5998392235481,4,26.07139619865244,5,0,82,0.3834184222746206,2,15,South,Web,Enterprise,Budget,Android,49+,High,0.0,1.7439114929840822e-08,0,20250.447,19648.282412171746,44.01431,51.63057313219275
22,39,6031.446955589535,612.0358057754861,9,16.858510847844467,2,2,104,0.0105875622800492,0,16,North,Web,Basic,Loyal,Tablet,25-48,High,0.0,0.3849588058237909,0,14315.181,14111.999380186484,41.4329,34.81234014236588
67,64,8053.347289681947,410.6844169273117,6,27.82606267958919,6,1,96,0.3958762754160279,1,5,East,Partner,Basic,Budget,Android,49+,Mid-Low,0.0,2.819930373298736e-05,0,14234.367,13806.446769407212,50.337982,42.72684768859424
46,68,5446.090058218248,665.193700831835,7,47.74401108846056,4,0,97,0.3062214470818882,2,10,North,Web,Basic,Loyal,iOS,49+,High,0.0,0.0002548332945442,0,15389.593,15390.715814154795,35.52939,49.48465417869743
33,8,4233.790831723122,612.0366443894753,9,37.662180015521976,5,3,55,0.309742861922147,3,12,North,Mobile,Premium,Growth,Tablet,7-12,High,0.0,0.0090889775896324,0,11770.9375,12818.641587824,63.821186,59.57093647269296
69,10,6471.413906896101,671.7293579045986,7,30.925099199288404,6,0,27,0.4574899223496095,1,18,West,Web,Basic,Loyal,Android,7-12,High,0.0,9.067877345449476e-07,0,14977.023,15102.724744719984,83.260826,73.98384813683212
23,65,9205.519359339973,551.263375798658,3,34.0610582596977,3,0,107,0.2427773270173245,2,15,North,Mobile,Premium,Growth,Desktop,49+,High,0.0,0.0060591112169988,0,20193.168,18214.49506676264,40.856346,40.77700528176179
40,7,7746.930059294051,892.3885620837625,11,22.930107361274064,3,1,40,0.3580388387513555,2,12,West,Web,Basic,HighValue,Desktop,7-12,High,1.0,7.867196555408292e-07,0,19914.27,20319.43511963049,57.831562,60.88630112873828
58,42,7518.408114884849,188.64576247650567,8,14.182070443536574,2,1,18,0.5266281952914699,2,11,North,Web,Standard,HighValue,Android,25-48,Low,0.0,8.271317243213557e-08,0,10621.154,12366.623981610224,59.09282,61.96449954419622
70,65,8958.545207304134,562.5233688599932,6,28.01966370004928,7,0,50,0.2772584744869029,1,12,East,Store,Standard,Growth,Desktop,49+,High,0.0,3.975414590404856e-08,0,18136.809,18432.30665271919,50.084213,60.31145758620519
35,48,4158.026475204235,454.09396308085536,13,20.43185945133221,7,1,64,0.1207500308177101,2,12,West,Store,Standard,Budget,Tablet,25-48,Mid-High,0.0,8.325735827654556e-05,0,10820.384,10757.114618850184,66.849915,55.815483672254814
44,31,7517.605430155049,20.0,8,17.90197830190168,7,1,93,0.3477202436937674,0,14,West,Mobile,Enterprise,Growth,Desktop,25-48,Low,0.0,0.0888809738477983,0,8222.098,10486.42983931923,46.47094,46.52916060423237
58,67,6185.121925563052,410.6097327113873,6,12.9740117717894,1,0,83,0.5554051159434249,1,14,East,Partner,Standard,Loyal,Android,49+,Mid-Low,0.0,0.000314656773408,0,12653.745,13819.315125332538,33.87502,36.78802369581001
54,82,5867.044477791152,574.0768810706794,7,11.256787225541538,4,2,69,0.1882753435447334,1,25,,Mobile,Premium,Growth,iOS,49+,High,0.0,1.9008236157634496e-05,0,16702.236,16966.14801307552,37.0403,46.33095145155809
57,110,8167.015051261788,413.1790337191092,10,1.0,4,1,26,0.3063023621438822,0,15,Central,Web,Standard,Budget,iOS,49+,Mid-Low,0.0,5.450680570198119e-05,0,15376.909,16239.59414529365,63.825016,56.8927968903035
60,89,7438.938425169018,266.2414138107815,5,,1,1,66,0.4674799724247646,1,16,North,,Basic,Budget,Android,49+,Low,0.0,0.000314633501913,0,12895.139,12698.636253826133,43.814774,46.61753799471936
34,95,7412.724777996032,211.8657422085328,5,18.7801751358685,3,2,20,0.3184521815880562,1,14,South,Web,Standard,Growth,Android,49+,Low,0.0,2.260854170152588e-06,0,14865.411,12564.18542911096,58.567146,60.27509080071543
61,42,5720.490851451983,700.4891381522392,12,31.980749178089354,6,1,39,0.3081467194355641,1,21,Central,Web,Premium,Growth,Android,25-48,High,0.0,1.322006775159561e-05,0,17622.977,17303.022716706437,71.29559,70.12030337051311
35,102,3908.760018832132,413.3221854363968,6,23.920673876413066,2,2,116,0.3420765381278524,3,8,East,Web,Basic,Growth,Android,49+,Mid-Low,0.0,0.0856037280786587,0,10961.351,11908.51629961585,33.152794,30.93465235301112
45,94,9106.965784720696,203.37438205498776,8,26.63172291940255,6,0,110,0.5547072648453596,1,12,West,Web,Basic,Budget,Android,49+,Low,0.0,0.0001285604955087,0,12734.653,13674.882033818672,49.403503,42.59948117206992
23,82,5370.527302292665,484.7133986759829,7,39.126035219078645,4,0,37,0.5144219935063578,0,13,West,Mobile,Basic,Growth,Android,49+,Mid-High,0.0,6.324705371974243e-07,0,12659.949,13668.19896204252,72.46352,69.08899978135312
23,32,4921.370993759883,381.6000750838052,9,20.37384474759843,2,1,90,0.5946074189130174,3,19,West,Partner,Premium,Growth,iOS,25-48,Mid-Low,0.0,0.3411000708429119,0,11254.669,11874.751679212724,30.81191,40.75689567288119
35,17,6114.812669397848,359.1229694605077,2,25.70529791957857,3,0,67,0.4619059693431775,1,14,West,Web,Basic,Loyal,Tablet,13-24,Mid-Low,0.0,0.8162373445022536,1,9833.152,11042.000359535596,52.67841,46.273070815747886
25,99,9512.051608884452,479.5603404877921,10,7.240900950276316,6,1,86,0.2301586957376789,0,13,East,Store,Basic,HighValue,Android,49+,Mid-High,0.0,2.730781173102987e-07,0,20193.896,19382.41448574558,47.17504,44.56283778119338
29,3,11805.608421934852,552.39658004542,8,25.23082755861021,3,0,12,0.4330236062962874,4,15,East,Web,Standard,Growth,Tablet,0-6,High,0.0,2.3972631859762436e-10,0,17020.762,18379.85739125347,76.36709,66.15757010374823
73,54,8771.585576262467,508.9468820649633,10,1.0,2,1,111,0.3269516456412468,1,14,East,Mobile,Standard,Budget,iOS,49+,Mid-High,0.0,0.0044494914117058,0,15509.289,15682.573327187769,23.565907,26.234283801887276
46,104,7123.311903578467,712.4076936482866,7,38.56681343710814,3,1,15,0.2132872888260039,0,13,Central,Store,Basic,Growth,Android,49+,High,0.0,1.2904834617265808e-06,0,17407.51,17608.71107924759,74.631935,70.79743534927653
27,1,10372.354365341684,262.3101202365865,4,25.04944791105495,7,0,98,0.2759945305067112,0,14,North,Mobile,Standard,Budget,Desktop,0-6,Low,0.0,0.0002971073202016,0,13541.416,13101.04240908508,47.693245,49.03551547148788
44,101,4415.66963095939,201.43736527237232,5,11.032552073942682,5,1,28,0.19680862350657,2,19,West,Web,Basic,Loyal,Android,49+,Low,0.0,5.358913537812503e-05,0,9238.478,10484.97622517957,62.8103,60.1495774586376
52,112,7095.019719207225,394.3011031896462,3,28.03812652565459,3,2,85,0.22676524534324,0,17,East,Store,Basic,Growth,Android,49+,Mid-Low,0.0,2.1791982516695825e-05,0,13874.846,14205.907255630484,53.863625,41.89905969660883
44,108,4596.5366792217865,396.7855392454587,5,6.413463095982429,3,1,63,0.1623250707725723,2,12,South,Web,Standard,Growth,Desktop,49+,Mid-Low,0.0,4.771455166551867e-05,0,12787.8125,12991.86992311716,47.03372,41.58883834830024
49,93,9061.564489088563,377.5949670079985,7,47.64910304276695,7,0,54,0.2141503946229452,1,13,Central,,Standard,Loyal,iOS,49+,Mid-Low,0.0,5.107888322367199e-06,0,18704.266,17592.905858021342,67.776344,71.04851056366111
46,9,6929.792872869542,484.3637931268339,12,34.84429999191809,4,0,114,0.4987814368999881,2,18,North,Store,Enterprise,Budget,Android,7-12,Mid-High,1.0,0.0044182939171925,0,13887.404,14257.854299511237,39.354584,44.3093859246795
69,64,7676.200371802431,511.3124482519398,5,40.4711806757711,4,2,57,0.2180314575182367,1,16,East,Web,Premium,Loyal,Desktop,49+,Mid-High,0.0,2.29140289388342e-07,0,18209.08,18067.762304995656,66.61805,60.11754528831298
72,99,7003.872513315904,371.9083751574783,5,16.286231013621055,5,1,26,0.1879587908212969,6,10,West,Mobile,Standard,Budget,Tablet,49+,Mid-Low,0.0,2.639323937425432e-06,0,14091.943,12397.044575224054,53.321228,56.93239460168411
49,79,9078.67788109664,481.1918014936567,7,19.819314980269937,5,1,49,0.5985392851983564,1,17,Central,Store,Premium,Budget,Desktop,49+,Mid-High,0.0,2.2735368936990066e-07,0,16953.719,17528.97471268333,64.21728,57.65496891275114
55,78,8988.857910549443,183.90013766377987,6,21.10998407994744,3,0,77,0.1714464582696561,0,13,North,Mobile,Premium,HighValue,Android,49+,Low,0.0,5.520319876256672e-06,0,15251.312,15904.733505363016,49.331825,47.63469874475379
27,28,6714.0262632777685,347.67316548236545,8,21.239640436367477,6,0,109,0.0946299170848055,1,13,Central,Mobile,Basic,Budget,Desktop,25-48,Mid-Low,0.0,0.9054569177150248,1,10316.492,10708.408272919709,38.36335,39.07913235347438
68,9,5179.215272620138,267.1229391675878,8,8.141347833501047,4,0,26,0.0394701656308562,1,14,East,Web,Enterprise,Growth,iOS,7-12,Low,0.0,2.6243729979026e-05,0,10355.633,10895.61899451804,57.014385,60.905186056685785
63,12,7792.555638140788,501.36331646811976,10,23.78281432885729,5,0,67,0.1347806041040303,2,18,South,Web,Enterprise,Growth,Tablet,7-12,Mid-High,0.0,1.2334030206110895e-09,0,15896.42,17243.137365051174,66.51646,55.727607814361605
44,16,5200.162318167491,577.2382757551251,11,29.93583603642868,4,1,76,0.6865718954485245,2,21,South,Web,Basic,Budget,Desktop,13-24,High,0.0,0.9536379366213196,1,12090.604,11245.340348850155,42.904274,50.670119689532974
64,92,7085.673572336395,355.6619083504779,7,1.0,1,0,93,0.3129850941259607,2,11,North,Mobile,Standard,Growth,iOS,49+,Mid-Low,0.0,0.0001444216656092,0,13575.913,14637.498941748125,19.65053,29.141618383732084
67,82,8822.91871098333,536.2805569432666,8,1.0,5,2,103,0.3967098285929158,2,8,South,Mobile,Standard,Loyal,Android,49+,Mid-High,0.0,0.006883654478807,0,17956.049,17965.829697293746,21.750795,31.85992055207726
65,114,11926.493620551424,443.5295481080606,10,11.4432979975285,7,1,27,0.3726262092172054,3,14,West,Mobile,Premium,HighValue,iOS,49+,Mid-High,0.0,5.767286827367012e-10,0,23451.223,23256.08211536216,73.601166,62.17112155403355
