product_id,day_of_year,weekend_flag,holiday_flag,category,region,channel,promotion_flag,competitor_promo_flag,base_cost,current_price,competitor_price,rating,inventory_level,marketing_index,demand_index,customer_income_index,historical_sales,realized_demand,revenue,gross_margin
SKU-00001,132,1,1,home,south,store,0,0,79.84835412360864,164.0514553929145,157.3935467309979,3.7866091417668732,169.2351229267383,14.558935411584464,54.01875256786571,96.63210733503067,116.3432466495319,87.54622456631826,14362.085554259436,7371.6636129030885
SKU-00002,107,0,0,fashion,south,online,0,0,38.45409719697892,83.08477855588032,76.56805144251227,3.674890397997217,246.44290901327852,75.74599915470885,52.92294486405323,122.93982608095763,94.68920577446333,81.46123435680121,6768.188617423499,3635.670393681186
SKU-00003,4,0,0,home,west,marketplace,0,1,82.79570367295369,168.29063268649344,150.76769512728035,3.2054029685345764,280.7876479049187,57.99135287995296,62.615756155321684,112.07849623232744,106.2140378051428,88.22354320895647,14847.195904479477,7542.66556397269
SKU-00004,45,1,0,grocery,north,marketplace,0,0,21.085661358848988,22.833036749885146,21.718231199614458,5.0,548.0799950369416,94.13118763863955,70.06711752666021,75.43858482080087,105.3848912451146,79.96589273945823,1825.8641676574234,139.7304330951663
SKU-00005,70,1,0,beauty,west,online,0,0,20.864113994790216,37.90626624036934,40.56917806696795,4.596990047372625,338.10023224847424,32.745495574420275,67.04476231052107,97.24008388343876,123.75970574534074,117.4665196536632,4452.717168321335,2001.8823116960407
SKU-00006,40,0,0,sports,east,online,1,0,81.91471533255793,151.03725432895908,118.69261776026298,3.3416066014751133,256.8304417879932,23.587778202383575,76.90186387851247,106.08420092198439,90.5774137267697,78.96287133755673,11926.33528075543,5458.114153298072
SKU-00007,347,0,0,home,west,marketplace,0,0,91.76347581687033,134.21684564153205,127.91187057188904,3.910932833110916,419.5024363560066,53.28399242850598,58.647229785908955,107.6876588075375,70.08779284997495,79.671549159131,10693.264015512817,3382.3257409563053
SKU-00008,4,0,0,home,east,store,0,0,86.60975704059697,120.24235933782903,132.6912319218697,3.8448751251735773,219.87966842697458,26.052655270660477,64.50137533488922,69.94202202818497,129.98077626836843,114.81293900428338,13805.378668385289,3861.457916107425
SKU-00009,142,0,0,beauty,west,online,0,0,19.57597649399199,38.95791109227005,41.68494995029346,3.8930639168556063,613.8464452331359,66.07763569599959,85.59680764691828,113.72238161271507,52.163043195623,88.74561900268091,3457.3439349349146,1720.0617833936642
SKU-00010,358,0,0,fashion,east,store,0,0,35.37651377804909,78.11012481390736,75.1075176661925,4.5856909706737055,268.1934704583839,4.210351032658579,74.30590011026382,110.32425170825599,95.68656445339211,85.34789692253413,6666.534881223642,3647.223829816099
SKU-00011,43,0,0,fashion,west,store,0,0,33.8418109975444,85.08449612236944,72.0622503464357,4.29696472335401,377.587703523372,59.07085587200937,41.41291622575856,103.64095258976582,110.499487320444,79.1874364382175,6737.623128567894,4057.776871245677
SKU-00012,240,0,0,sports,west,online,0,0,72.14150948604625,98.64229705805734,111.75817003344685,3.195628288070508,476.45858114078953,52.46007514585058,51.71958222231278,102.01472372373297,103.45502117699611,100.84999190855606,9948.074860146466,2672.6042122076815
SKU-00013,92,1,0,grocery,west,store,1,0,18.58175069315821,29.239051384842657,33.66945963514437,4.720114690096531,177.45307211628466,68.78533534178148,59.045401720752615,114.27078615100274,105.19568425636083,97.59918966395657,2853.7077217034303,1040.1439115135258
SKU-00014,118,0,0,home,west,marketplace,1,1,78.92053186382438,153.52522859160106,142.74544842231344,3.8220441484537737,85.36502291125413,58.7350785327658,50.16086325012983,98.2665146099408,72.71831429655757,46.95076260118977,7208.126560897654,3502.7474049996026
SKU-00015,163,1,1,fashion,north,online,0,1,44.41855386405759,82.41843068320574,77.19814483311823,4.20407628596584,197.22939385865368,53.40251893496408,72.59324323596337,67.67997627727024,112.48213391089358,84.55663257612817,6969.0249607809155,3213.14162213484
SKU-00016,212,1,0,electronics,east,store,0,0,168.94254888867454,182.8097082874698,191.83757711904144,4.030820132994138,462.48670001185315,34.70256538534801,47.14268390056467,94.70826862298821,112.94019600560361,103.51958367234066,18924.384893180915,1435.5225676812702
SKU-00017,278,0,0,grocery,west,store,0,1,18.01440808080018,29.486906777400304,26.676865963215167,4.577910546161521,310.64755382903945,66.24812650122239,41.77012057457114,102.92219551852052,63.18917301031588,47.478547422284024,1399.9955017672685,544.6975734186206
SKU-00018,226,0,0,beauty,south,online,0,1,20.48181967551837,47.17304067675211,45.93682680960607,4.238001943998416,357.8736548868,48.16914627329568,59.667599452698354,104.1435764153419,100.51415408744938,63.92809334984302,3015.6825479793506,1706.3188677881608
SKU-00019,8,1,0,home,west,online,0,0,91.20677813069771,138.0579964804594,126.27671085931891,3.7899967746753127,513.3721932087074,92.16381526995627,44.71056990839102,108.75897604269544,116.62419123786614,112.44753855017503,15524.281881396386,5268.304181507494
SKU-00020,67,0,1,grocery,south,online,1,0,19.748573704359966,22.160734445853297,22.391295103107083,4.2232962692164655,165.41243481394358,53.65162455834229,51.48009689170617,97.37435803901185,83.78675863415658,78.2883352190189,1734.9270069966221,188.84404873218708
SKU-00021,230,0,0,home,south,store,0,1,79.59449866958752,145.4790896879828,155.82942003661148,4.517642830409725,422.79519471725513,77.42175534894889,71.03052020830907,98.96176953365205,111.08121512445005,86.57639447501097,12595.0550566923,5704.050341833354
SKU-00022,106,0,0,fashion,north,online,1,1,38.7010834999083,72.92815259194637,89.27357056584152,3.9610592383297756,548.1927033666377,53.31606211070603,50.665364305236615,71.68255108345264,30.48198361338776,84.07345896475267,6131.3220443142245,2877.5880887932176
SKU-00023,22,0,0,sports,north,online,0,0,57.47812749929727,135.9358839611712,113.16700083604063,4.025577271753797,510.39876322545365,78.21133903545248,67.38425541755737,96.73136278136236,103.10174880888125,91.96116339498676,12500.822036195226,7215.066561594467
SKU-00024,200,0,0,sports,north,online,0,0,75.78727114870875,97.74150887150545,122.65781906057501,4.490534054334508,530.125787708985,60.63736314662962,52.115392494988086,77.91735865682861,97.36011589997497,116.34514827308422,11371.750342090278,2554.26904308132
SKU-00025,116,0,0,home,south,online,0,0,75.90407413057456,128.39974027787605,127.71786621053597,4.298120507914736,350.2151569711595,51.00394866028953,56.07050753733377,109.99135439952532,105.36805334439875,97.54565984366658,12524.837389160833,5120.7243932713545
SKU-00026,307,1,0,electronics,south,online,0,0,135.42523369020827,190.16397381544758,202.02748029001816,3.352253091625361,421.1154689116805,46.719442966424,72.7933678660199,92.28338991365021,106.22588481527964,117.80276462178195,22401.841846923875,6448.374918666456
SKU-00027,325,0,0,fashion,east,online,1,0,41.950415331563356,73.65389832841333,74.76920261985339,4.4492249747622665,391.3444051703301,55.0277989411905,64.99413134046922,115.82580041233916,136.07642152072162,139.11641932115643,10246.466604493371,4410.475034530935
SKU-00028,48,0,0,beauty,east,online,0,0,18.08474801975605,46.6899518967648,47.83397326586044,3.6262677248155955,399.339500969086,57.540361736994946,80.24067193838695,101.95017194192435,69.13895929785652,85.33176494338586,3984.136000472727,2440.9325333905413
SKU-00029,284,0,0,electronics,east,online,0,0,151.398816563793,217.5802513948485,244.53154644844912,3.854519725363675,238.6973226953491,51.55225095096661,51.014890886431346,72.71964016056049,94.49162234692331,96.42192975237919,20979.507715499083,6381.341660191694
SKU-00030,314,0,0,grocery,south,online,1,0,18.586209692434373,24.496088877726155,26.905860489590427,3.6157644139138663,214.5832113146629,61.52930302164829,62.695348294616586,120.0933988253986,66.21140319533554,86.83228675335664,2127.0514137664277,513.1683240949498
SKU-00031,234,0,0,home,south,online,0,1,78.45542325776596,165.3489947065335,146.32900498765866,3.950500684837763,221.3913406687127,41.43556236728979,41.05646496136879,113.18128899660114,127.70781283275711,78.23472139247802,12936.03253339197,6798.09435309171
SKU-00032,223,0,0,sports,east,online,1,0,58.238462108988294,115.4482435257027,113.67730942584264,4.6632280413514335,386.4817003371404,21.425539230372472,57.47901124068808,66.22273737580525,135.9426316561065,104.60286439333453,12076.216961967739,5984.307007504886
SKU-00033,170,0,0,fashion,south,store,0,1,33.029636493364464,91.39743984855266,83.40745164705554,3.709451012204634,66.25697996369371,57.18775203020629,40.750267205844196,98.4114246574793,78.51020339401958,36.441338980031546,3330.645087428151,2127.000907586236
SKU-00034,179,0,0,fashion,east,online,0,1,35.90256930940686,80.12900138860888,77.27903702628905,4.146944027593907,328.6276014445914,58.91491036931077,69.5127160552692,106.91911911617714,85.04748395143044,77.81118962610041,6234.932921599109,3441.3112930006396
SKU-00035,29,0,0,fashion,west,online,0,0,40.6606243990713,84.96881458987914,75.81424258048625,3.6800241404961467,429.8856946918528,90.96281744214642,54.83268837711621,123.81006097566772,101.85459839736995,95.17089074944637,8086.557770443353,4216.849927955064
SKU-00036,53,0,0,electronics,south,online,1,0,134.90324563945057,192.25648389040376,240.8547579760066,4.063831368781731,598.1897300627181,49.23018586061944,68.90489758265392,114.27025366136226,96.7730068783952,157.3370438164249,30249.066829856245,9023.788959704078
SKU-00037,250,1,0,beauty,south,marketplace,0,0,17.791370575813207,46.20443881217916,43.18222596453933,3.780258208759104,343.4298194080087,95.88883263521939,74.05352977706694,125.54544155542037,129.90097762186608,85.59305427269466,3954.7790388902504,2431.9612916090477
SKU-00038,201,0,0,fashion,south,store,0,0,28.50671469576247,77.45058558963933,76.04667106937427,4.000083633020682,109.1045838429132,31.84793886535648,61.07966701205432,108.35765792254391,87.83023559697429,60.007521113602266,4647.617650031141,2937.000366045739
SKU-00039,64,1,0,electronics,north,store,0,0,133.1538942174579,260.8516672856532,257.11416382750116,,488.48332330114397,87.03243188313184,83.31183554549838,79.50626539371146,126.01325482868602,139.0252522000255,36264.96883118508,17753.21510618748
SKU-00040,130,1,0,grocery,west,online,1,0,20.344831360249557,20.955176301057044,24.632666600638537,4.164969949935156,446.9426773196842,31.636493508615317,62.15545900230307,93.55672226490326,76.05910868819743,107.51876442209401,2253.0746641367996,65.62353390689707
SKU-00041,236,1,0,fashion,south,online,0,0,31.935239157863617,102.70810261426139,91.86342597569646,4.001361377460702,230.61949775517303,80.2475747476779,54.852594785442605,79.79828432471717,100.29040198216825,78.09842091579958,8021.340629431721,5527.248879634163
SKU-00042,69,0,0,home,east,online,0,1,79.71203878885632,180.62901489213783,160.51764383334225,4.242932700367584,379.967638811222,54.54653564208748,52.98624368055812,89.14051877504025,110.18844374440576,85.92805751010519,15521.100379645266,8671.599726348684
SKU-00043,77,0,0,grocery,west,online,0,0,21.474573630136376,34.10600459683645,29.563293193488263,4.450153543464056,603.6813082246031,22.783296964851957,47.76175406302567,99.58778280691351,103.00159124514853,65.07145823938654,2219.3274538353685,821.9456326533178
SKU-00044,322,0,0,fashion,south,marketplace,0,0,25.830131114195773,87.54129250908187,86.27158096768349,4.798290112975127,171.5214501369503,34.0305396740015,50.38474435013319,97.6952537179573,109.23356221376531,81.25797894775366,7113.428503762119,5014.524253467082
SKU-00045,168,0,1,home,north,store,0,0,68.57210803452803,145.75354710446817,123.14574154468045,3.4129054244123895,595.145774038956,54.71345515191028,42.661798543540876,104.81706921285699,111.28304003473477,72.32732547272369,10541.964240228832,5582.327064064752
SKU-00046,169,0,0,home,west,marketplace,1,0,83.93660264694512,112.97583546117961,133.7312945803,4.629269232759395,387.79235616645724,62.783373463404935,59.469001882001976,87.10014812223417,81.22413655666107,120.45269238477096,13608.243555717967,3497.853777262734
SKU-00047,27,0,0,fashion,east,store,0,0,35.01158523924378,91.09882641406473,88.25759215008156,4.022057978743404,233.9880034309644,49.83910572892589,67.7719854230633,117.54828431329214,71.74720867820203,84.6048977180528,7707.406890996593,4745.255302883486
SKU-00048,30,0,1,electronics,south,marketplace,1,0,170.66076923549912,175.7805923125641,175.7805923125641,3.6357992286578757,394.34617010008435,46.900657330639845,47.39811198318215,94.91497801911771,126.17309287323599,118.233038284569,20783.073500575607,605.3322378808435
SKU-00049,238,0,0,grocery,south,online,0,0,22.080065490676606,22.742467455396906,22.742467455396906,4.49481822450471,266.94475740873156,9.283122579907058,80.8357037724964,100.8000129293755,113.52902591340161,69.56002393744033,1581.9665805938664,46.07669652215152
SKU-00050,111,0,0,beauty,west,online,0,0,13.674150468248074,49.28124939119885,50.99561759403744,4.866087757170435,689.5545343939976,56.47625810269007,95.74014380689249,106.92739606666305,107.0047400804323,130.78131064506425,6445.06638560726,4656.743065411958
SKU-00051,103,0,0,electronics,south,online,0,1,174.48311605911542,214.13339907321645,234.30669223722407,3.793167814350976,358.3126381827341,68.72547223834744,46.78779145088315,105.15200135329451,87.59523900448947,104.6827424888285,22416.071473439064,4150.700366374309
SKU-00052,67,0,0,beauty,west,store,1,1,16.657626299545154,37.21971943619165,36.845612679522155,4.887298393322957,467.84366719983694,55.593411621121696,87.66990542044165,110.50852856942653,43.40352150480125,80.47284495167447,2995.176711333476,1654.6901328672436
SKU-00053,276,0,1,home,north,online,1,1,93.72304965036054,118.48761748400403,129.3439880269321,4.511525608190777,260.4459594901185,74.52196439413048,65.9508544243782,99.65692305789304,83.84882644820973,116.90826866801942,13852.18221865346,2895.1827497429854
SKU-00054,343,0,0,grocery,west,marketplace,0,0,22.04178306973457,29.951264052628314,27.090407305250764,3.826794047240984,291.8063288619062,84.07649414440412,69.75268102720649,104.57905357645605,62.49226712072907,40.305498078566636,1207.2006157238525,318.7955705584831
SKU-00055,96,1,0,grocery,east,store,0,0,20.573655857659624,27.981793888763793,27.803422379049398,4.49547324521826,161.05322267085117,26.094867463558202,18.254352492280788,118.56652545858752,79.23303571926148,61.49020139062993,1720.6061414911833,455.52789946218
SKU-00056,89,0,0,home,west,online,0,0,83.7563360177127,158.9526235413869,147.1188658319168,4.08161695722591,82.44193890198471,55.81117136154204,46.0737106889209,79.0373632378216,77.94990925899906,45.343066396091594,7207.399363070059,3409.630257925554
SKU-00057,285,0,0,fashion,west,marketplace,1,0,24.148597000177492,65.72179051034009,74.8753493138389,3.76731129685805,363.80112129392546,36.22913753848066,51.5910608277753,106.15335429242822,96.60665718859877,106.93136827397083,7027.720984685937,4445.478465560251
SKU-00058,185,0,0,grocery,south,marketplace,1,0,19.632677784677405,20.22165811821773,23.722115050393235,4.548100594092745,286.9182823001496,63.164523479180254,20.401749236552078,121.48273339862322,60.327018969596494,66.42461051931112,1343.2157645572784,39.12278925894995
SKU-00059,290,0,0,beauty,east,online,1,1,18.91355369161466,45.844321342435045,52.53333584080063,3.582378437393333,397.1579318984016,67.36634610259782,53.52698641571927,124.0493480309677,83.30219304862635,94.1747440186385,4317.377227132027,2536.1981497414404
SKU-00060,273,0,0,beauty,north,store,0,0,17.207298815334692,43.298073300312915,40.019071581998695,3.918711769478541,355.82300130475323,70.98834739595034,70.59562716664539,66.34645304490951,93.64551645538623,70.61829265281756,3057.6360116246437,1842.4859481188576
SKU-00061,291,1,0,grocery,east,marketplace,0,1,23.380313915059972,24.08172333251177,24.08172333251177,4.562459429915222,299.7389552491883,68.33137139923747,46.9476709736253,87.13068049643641,75.49072834141717,57.47969120624516,1384.2100208670056,40.31679672428173
SKU-00062,58,0,0,fashion,west,online,0,0,34.46747794136991,89.1528027325677,92.70624161936846,4.189456126529848,431.52234582340066,58.97192104263546,70.14088223291844,111.32449358221,75.84515244405611,101.76496470716847,9072.631823624904,5565.050147376288
SKU-00063,196,0,0,grocery,north,online,0,0,20.818628636343156,23.071142233712553,22.49063334119818,4.446166167685439,395.94696808662115,85.14520504537549,49.966846258245674,104.85266351263977,54.76148932088615,60.54643963951813,1396.8755206682144,136.38167856032004
SKU-00064,160,0,0,home,west,online,0,1,78.26021640773105,151.03966541989993,142.5327194857179,4.765342835419133,380.88346474333105,46.271687589091414,81.06933473499382,98.02899259356096,97.14434838001088,97.85165354090158,14779.481011601742,7121.589429636461
SKU-00065,317,0,0,grocery,west,online,0,0,18.657998953590553,24.229281185405252,26.64650463247705,3.99951869831249,413.7498729748932,46.74947369248948,48.69495098812419,130.25837029756926,97.6338576387034,85.07511004399754,2061.308763135311,473.97744895780374
SKU-00066,239,0,0,grocery,east,online,0,0,23.777542486287306,27.06381287185443,25.712484592617166,3.6970867173980246,167.02412793128275,41.937544737048846,85.85345095025016,88.51339154189158,47.36507330863816,45.66412278712824,1235.8452740682226,150.06465439824046
SKU-00067,272,0,0,grocery,west,online,0,0,19.388982004632904,28.635084550539553,27.51891366859866,4.384664676058887,311.75261820587616,52.71591179788147,62.137222445725854,82.83461951174026,58.49834560577657,52.3592832705584,1499.312503458091,484.1193023497574
SKU-00068,322,0,0,electronics,north,online,1,0,151.61810566882673,197.86772700434125,216.75906321024368,4.335507965323914,241.61947373516864,44.6373049080259,63.589269788572786,94.88206000652018,91.66982724113905,132.89071055434277,26294.782837379626,6146.145042145816
SKU-00069,253,0,0,beauty,east,marketplace,1,0,21.11379973757288,41.7148438490084,50.769633903310186,3.841293994261944,265.0503026501989,90.65611831873744,53.672353930849184,111.84582303235285,130.5083661405248,132.411350097559,5523.518793156057,2727.8120642145454
SKU-00070,239,0,0,fashion,north,online,0,1,42.33322688957992,74.56195336855681,76.29268625017905,4.79273942170207,247.35550753643253,95.9166154455973,68.65518014440863,85.79261186569103,87.82625175216891,85.44287785580886,6370.787874360116,2753.7151399914956
SKU-00071,194,0,0,electronics,south,online,1,0,142.97947843508018,157.22805000933124,178.23329029171026,3.5035160082938583,413.1710416429843,58.088835077768266,38.14673066877028,73.89597900772978,129.71555080758023,135.67756011164585,21332.3182063779,1933.2114262705363
SKU-00072,30,0,0,fashion,west,online,1,0,30.552497939019986,72.54194759384222,80.08763248398955,4.193858451332053,293.0588814336933,21.91486586691601,57.06155953938844,90.72021788863336,79.87387812198413,116.65165711746035,8462.138397349661,4898.1388836851875
SKU-00073,264,0,0,home,south,online,0,0,78.19800459267407,140.81671825521056,154.55718407146742,3.9821464545983707,206.0829346203142,60.17389821638842,57.542324232178075,82.7101443121493,87.58870494762637,84.32127153009655,11873.844735974713,5280.089557604107
SKU-00074,118,0,0,electronics,east,store,1,1,164.49024184505015,202.8952989155005,201.15336339095097,4.061018287915178,468.12655834590504,64.41088219532604,58.4845131985247,99.65928341984703,137.08021008792446,134.65764379454535,27321.40288895127,5171.534494901887
SKU-00075,46,0,1,beauty,north,marketplace,1,0,16.455938104225595,45.13066749195519,52.06769474001362,4.426158954476563,382.8088099826108,62.95076776217039,50.11504094521017,110.09065631238815,50.89444712059227,91.5514326494131,4131.777265312792,2625.2125562808724
SKU-00076,129,0,0,electronics,north,online,0,0,180.3311312120992,229.8125903970472,225.25465295996344,4.2635383825251605,247.15345483198905,28.067577541313714,49.81943935689661,101.81769113635374,95.98715575926688,101.19379134570003,23255.60732125362,5007.2164562423995
SKU-00077,127,0,0,electronics,south,online,0,0,145.75764043708796,271.270768803424,223.86791149360323,4.01391948198407,122.58495214496892,66.92356619357729,53.52241429789461,121.6452877135326,100.43134222769217,67.4217236797329,18289.542816653164,8462.311458893955
SKU-00078,142,0,0,grocery,south,online,0,0,21.087893447659905,31.34025033998429,31.80267282887172,4.5053473867683715,365.8050442927242,71.75765420625012,52.32127793851186,105.47107362737974,75.82043773759008,66.35222829774446,2079.495445467101,680.2667251094616
SKU-00079,103,1,0,grocery,east,online,0,0,19.040952834234737,22.52028666377963,23.806269473856286,4.7555805083871645,285.2250213223177,58.61999719982992,61.41281400528407,95.79617510555829,21.43468190645337,59.97857030977312,1350.7345970597523,208.68546872653044
SKU-00080,344,1,0,home,east,online,1,0,77.3281153924008,123.17857809938528,130.10649671516677,3.695175074541026,275.704617773876,90.07948147764932,93.0826445129888,84.51707007655034,150.92587170238053,151.6375397756318,18678.496536051305,6952.651362461481
SKU-00081,323,0,1,grocery,east,online,1,0,20.179883765595577,23.702186304952985,26.333172425974453,4.295602543723143,239.01688033943196,18.523872260383413,55.51493129733967,96.51423074518584,87.5896079711541,96.6927711616065,2291.8300764145824,340.58119340003134
SKU-00082,14,0,1,fashion,west,store,0,1,38.48390042762476,76.83299699480104,73.57339867074613,4.154892969381525,407.3138989031088,60.69786687596428,72.74289231209852,93.05171345445372,70.1638321906895,76.80372187773908,5901.060132221861,2945.353347007965
SKU-00083,182,1,0,home,south,online,0,0,78.19311573100423,135.9238556590856,139.7442850699808,3.6802620485238147,654.2334191874072,43.687346360689325,63.254586587499574,106.68615968031082,132.39860428839538,122.89687420198352,16704.61698998321,7094.927482528844
SKU-00084,111,0,0,electronics,north,marketplace,0,1,171.35907498832856,176.49984723797843,193.57934755333596,4.650349279322685,342.31800337301553,53.99819377902988,100.0,99.26952309277806,114.57222668672894,129.3165654537543,22824.35404792767,664.7870111046913
SKU-00085,310,0,0,beauty,west,online,0,0,21.887383883892742,38.18859000095199,44.06183164738275,4.393750980357093,297.9464567909138,66.49975483392858,77.45797161180957,65.86569405349351,90.900023457533,109.20682716665952,4170.454747972386,1780.2029990337824
SKU-00086,180,0,0,beauty,east,online,0,1,17.134467728489273,52.14181864392119,56.819980736872,3.760522322689794,346.2167504478787,47.46719408810908,73.45619068383435,102.3903511790608,63.364925031527534,75.60647738861528,3942.2592323029057,2646.7824854229234
SKU-00087,232,0,0,home,east,online,0,0,77.4221758629865,130.82211661209925,126.16501943034578,4.788151312734269,253.71749515934107,64.755431981348,56.09490532554078,124.66701044862462,91.27155758546539,82.30810428454551,10767.720416833638,4395.247891966523
SKU-00088,32,1,0,fashion,north,store,0,1,43.23178228406547,103.1870796663895,106.25956286839606,4.939934423226033,446.4428841328846,62.18179969848717,73.69901952842159,93.33481299185755,61.65699600546372,90.44408808054712,9332.661322121365,5422.60219734231
SKU-00089,261,1,0,electronics,east,marketplace,1,1,152.080127406521,205.27069872119318,204.4180706892563,3.864582374323208,304.1252982826211,56.44026021476229,62.82705543597053,111.4231533602082,,111.90527337470033,22970.87365621087,5952.305423924884
SKU-00090,177,0,0,fashion,west,marketplace,0,0,41.14125341964039,78.03771147399921,80.61327129642333,4.963210423553111,438.7254145884584,56.73289065251015,64.72893283002433,98.40896880572281,112.04906434853841,104.05829853990961,8120.47147793274,3839.382647285722
SKU-00091,320,1,0,electronics,west,online,0,1,173.02625382836564,302.4957634996216,272.97859578332873,4.028129583638747,408.6270610931338,74.73250715971677,91.26364920757506,93.5965992039505,114.09007934630564,123.92345347888968,37486.31967560657,16044.308758680547
SKU-00092,40,0,0,grocery,south,store,0,1,18.175257361649802,28.560913303019916,28.512025100101667,3.4399606429165304,293.02476919682357,54.95977614423273,53.43776351757367,99.54950840321814,80.44436017921716,40.63675371207981,1160.6227996868843,422.0393426278557
SKU-00093,111,0,1,fashion,west,online,0,0,38.50655441888664,66.68810841738984,61.210348213896836,3.852184608482161,302.0839841613295,31.452846182896053,75.10747562932974,124.39898394648168,76.38012565220036,88.8203152298383,5923.258811714199,2503.0945098137645
SKU-00094,306,0,0,fashion,north,online,0,0,39.96175927311315,82.40387635301764,85.82117444202753,3.9103855851024476,239.54677362075404,54.94361460330351,35.86704942950507,114.02576146973314,111.28298167025002,88.70651659826414,7309.760825470265,3764.892363214017
SKU-00095,86,1,0,electronics,east,online,0,1,184.73729502233272,210.55698104347496,218.47657709055682,3.738660099972271,307.0229979280289,58.591456895563866,71.89977959237861,148.23475753830894,108.76676935847925,125.13048159928917,26347.096442062422,3230.8297465679634
SKU-00096,99,1,0,grocery,north,store,1,0,20.337746450302298,21.023355648477775,23.582449194484663,3.760751575262403,437.40048667339795,69.93825506998081,66.62545858270434,85.863583587738,72.8261822197541,106.28120452753177,2234.3875615309066,72.86737141724497
SKU-00097,111,0,0,fashion,east,store,1,1,35.04668018114518,74.71777745467615,75.53344830474082,4.013092910399579,362.7560940042786,71.70594415183275,66.16224372537403,124.2092470298654,75.16321022738322,89.55714785666966,6691.511043030171,3552.8303241619383
SKU-00098,191,0,0,beauty,west,online,1,1,18.744911330676654,38.640169829858074,40.523551418255735,4.14605093062337,497.4538882528864,60.10319323073842,72.93904883426278,82.80361213551126,67.96346193579856,92.04658082623267,3556.6955153833883,1831.2905195036951
SKU-00099,20,0,0,beauty,south,store,1,0,17.74698737115163,46.305785202311476,53.372065737114866,3.5128438872219405,132.2537737431201,62.8069193978846,84.57431301429594,116.00708159254684,65.42457770397459,72.73957555871606,3368.2631615292116,2077.354832705748
SKU-00100,226,0,0,sports,west,store,0,0,67.71799894227884,139.43800072011913,108.03318231688317,3.9021522122093053,253.0877047009276,85.59196999187574,58.319474019440456,81.47325825979354,61.06225212818876,47.249015446241145,6588.308249817893,3388.6994718056185
SKU-00101,296,0,1,sports,north,online,1,1,66.01402331524235,141.66055764053763,146.31076588996422,4.450095719253004,274.2726646729327,56.380844084378325,58.66911506202498,81.798471194341,101.43053750280453,107.8711454777749,15281.086621705152,8160.078309093419
SKU-00102,112,1,0,grocery,south,online,0,0,17.18823618104563,24.638079728173874,24.439564987344262,4.0389065455317565,374.1545751272875,64.58193917640006,65.49541290499806,70.15209982265358,27.950410160818294,55.31240286928487,1362.7913918503139,412.0687475918996
SKU-00103,63,1,0,electronics,north,online,0,0,170.63505274905845,221.6686092412873,197.14874714423325,3.9291912908621898,523.6688682120889,65.82166521149237,48.97884186406215,98.42756649968516,67.35799433855233,92.85351384813009,20582.709277881608,4738.6450444705015
SKU-00104,129,0,0,sports,north,online,1,0,69.99194143791861,104.03897956868,124.50544317779612,3.5519052696038194,394.15351417569383,40.86969224537613,63.3839361068733,101.4631071143294,113.12542633442857,147.98080875815495,15395.772338946426,5038.308238409812
SKU-00105,236,0,0,home,south,store,0,0,79.63597036814774,110.80171754819226,124.07470829596258,3.785574157704551,610.8214694984254,45.1304356775217,56.59558645114887,105.85362298394938,94.14742486780031,83.88082868551005,9294.139887720188,2614.2087000652323
SKU-00106,187,0,0,home,west,online,0,1,82.40134338558367,152.23657688780685,154.18397478293804,5.0,264.5837471070745,76.53809234602164,75.9829927714271,100.65864572516014,111.94552571680599,111.14371601622281,16920.138868900274,7761.747360297702
SKU-00107,221,0,0,fashion,south,online,0,0,39.426694720681446,71.21735803905403,81.78864155760026,4.832132448802534,436.13394052230456,70.85442315020224,60.46497408450146,100.43367351590388,69.37226239975669,90.79976317463351,6466.519243869188,2886.5847004727398
SKU-00108,294,1,0,electronics,south,online,1,0,159.74158269030275,253.43201299064089,239.9923584610054,4.266662646406916,369.2223891108757,73.84946607742803,56.36106901316688,92.18663725643357,122.02189774159028,123.53219259600064,31307.012238751988,11573.784280263544
SKU-00109,346,0,0,beauty,south,online,1,0,19.979680866472123,47.16786400659556,51.21050227768356,3.650512865811857,515.3713922014488,45.5240857547574,63.54171950448673,103.54392202106682,106.82942546983057,117.3552716427157,5535.397493300695,3190.676617881089
SKU-00110,166,1,0,sports,north,marketplace,1,0,70.68453026910122,117.74835462890275,122.3853927455536,3.95870022991946,343.962442047335,33.8359835522168,34.79022045733461,109.90067362053274,106.37942322679645,96.90471012279697,11410.37017275012,4560.706256856798
SKU-00111,278,0,0,fashion,west,online,0,1,39.357558616281935,76.72895407369528,67.00499115113453,4.436010729210607,436.9098643131239,80.4921537761949,47.168803630391004,97.5940947556177,113.6530083740873,65.60069646192515,5033.47282602948,2451.5895697603414
SKU-00112,180,0,0,electronics,west,marketplace,0,1,161.27994181738586,232.52276555799727,245.06345801490485,4.415174200628623,485.4573280989652,32.390641665872835,79.75253648475343,111.93577305787478,94.17345595018686,101.06911708183935,23500.870616374308,7200.449293880699
SKU-00113,51,1,0,electronics,north,store,0,0,153.27667936088443,221.27890251075348,220.2519939674471,4.26466398389495,95.29099175264932,59.470590680316015,30.32440091061458,120.8371043953576,80.13154175658575,52.41004546395713,11597.237340803129,3563.9996069347953
SKU-00114,218,0,0,grocery,west,marketplace,0,0,16.579187102285708,19.961423644606413,21.712704174690348,4.668239966861952,462.7414521523607,55.73134525883858,66.70276408615511,121.15710183527125,101.82334911320933,86.49107464150107,1726.4849823962777,292.53327323707254
SKU-00115,348,0,0,electronics,north,marketplace,0,1,133.15044312867786,217.24878178447702,242.3479366476089,3.714870108993101,440.8307867559836,77.75196616523162,74.04181994660502,118.39885551427119,100.69269198200988,116.65060988182078,25342.202891241843,9810.122494246876
SKU-00116,156,0,0,home,south,store,0,0,82.89642988120472,153.40367686994446,143.82149467773516,4.524938160918359,188.8216477002595,63.69277284747882,52.082897886443305,90.74270055177988,35.75651052225878,60.12504153508903,9223.402443440787,4239.251153722757
SKU-00117,198,0,0,home,south,marketplace,0,0,98.27591667891194,147.29834564405834,158.11220591086047,4.2403734137207625,335.7070522831941,47.61888039659745,62.309708120670855,108.0737868896548,112.89307879065932,91.65117283845196,13500.066135441628,4492.963110045366
SKU-00118,266,0,0,home,west,online,0,0,92.04142818386342,214.6060347022619,197.0281947543521,4.537890354071628,384.37006054409346,71.97849620931146,46.44180389865185,112.10910184654418,93.22736857942687,84.68719470727196,18174.383046186016,10379.652696443785
SKU-00119,303,0,0,fashion,west,online,0,0,37.32700024916242,78.79476660106029,70.55853543463972,4.006612894295486,387.55541727626195,65.02986720086608,66.78342330207089,84.09990740464588,102.47050407136186,103.81912577784979,8180.403784391796,4305.147250614173
SKU-00120,2,0,1,grocery,north,store,0,0,20.41488430821389,21.027330837460305,26.569009028853117,4.589141360226588,198.85010545464434,67.2699966576769,49.36116429334334,102.01738646687345,52.86351884328878,83.4800054485166,1755.3616928789472,51.12703959841587
SKU-00121,21,0,0,grocery,south,marketplace,1,0,15.299313084780104,23.476619381498192,26.830779418777027,4.577297164819226,515.9130403026734,67.45672973196658,60.40309016634815,112.98309798484928,72.29159848217387,99.14627664428082,2327.619399870505,810.7494722994311
SKU-00122,177,0,0,grocery,south,marketplace,0,0,19.16837199430045,29.429058939099374,31.129427267047607,3.9985132388715865,584.8225426133849,55.13916792079249,60.17675359420627,108.84210731422053,,68.1350480328579,2005.1503443773418,699.1123978339925
SKU-00123,41,1,0,beauty,west,online,0,0,15.356513943746902,38.823023037996954,40.31193799416864,4.385537900917793,350.14532972501155,43.84595986784552,73.91042224823929,131.31141678894596,74.82084162918551,97.39248330587534,3781.0706231117324,2285.46159520892
SKU-00124,337,1,0,fashion,east,store,0,0,39.71980594804518,57.914503011107115,65.79172799052887,4.3790758967069605,135.65163977082727,55.04005185586989,52.949423398334595,98.81959992940054,,74.608401873955,4320.908514983057,1357.4772704557938
SKU-00125,258,1,1,beauty,south,store,0,1,14.52838346073234,46.30027493504594,45.28045800428449,4.6384610368458965,536.9037877942927,75.04762248457683,65.59828542358694,89.97657398350756,80.7525839840679,72.1968993525214,3342.736289479581,2293.8320510102517
SKU-00126,225,0,0,fashion,south,online,1,0,36.94996512463355,71.09749809106069,83.02302258972672,3.9326946748879736,381.66412039530957,100.0,38.14980395726813,90.0263461884793,132.41750303302575,130.93873177839748,9309.416232660522,4471.234659984989
SKU-00127,214,0,1,fashion,north,online,0,0,34.912233866269474,97.4933720580193,90.81570251652074,4.383079506425261,174.07986642825296,54.964222754352996,36.14748133029819,117.83168183201914,45.89079092356902,55.17971431345255,5379.656417616643,3453.20932683145
SKU-00128,178,0,0,electronics,north,marketplace,0,0,142.56177624362164,284.5957402120553,233.7910023603242,4.601645680684283,421.0201112391164,14.938026675855454,49.94830888937554,110.29122233698138,126.28675520955368,97.39769340611379,27718.968649859773,13833.780475852516
SKU-00129,19,1,0,beauty,south,online,0,1,21.5601097935725,51.673794265892134,44.53859543751057,4.447237416897841,442.7558233707963,34.767126275965836,54.433792314146324,97.09827872141355,111.98954062314998,61.92299626338501,3199.7961692417643,1864.729571056204
SKU-00130,282,0,0,grocery,north,online,0,0,14.63061161760264,22.54204267545505,24.12550682026501,4.23559843179708,453.8220059759523,58.85180058223941,68.0869344670886,129.0366141106156,50.20757070328303,72.58976274126496,1636.3215295147518,574.2889034333814
SKU-00131,175,1,0,electronics,east,store,0,0,161.2215637022281,261.0862285755,265.80284008838305,4.567255181263647,504.20266857007175,67.62077760988726,36.35569698837699,115.09794525193703,93.68743489315393,101.79916815200977,26578.360884931382,10166.139811878309
SKU-00132,144,1,0,sports,west,marketplace,0,0,67.78232165578724,121.30687351024136,117.39399988537262,3.8816628266575197,560.1311816296509,69.71262336025573,66.71782444329898,112.96966771071948,66.40583923406544,79.57469442049334,9652.957390682895,4259.1998578120365
SKU-00133,160,0,0,grocery,north,store,0,0,21.407458584742848,22.049682342285134,22.049682342285134,3.9452309241839267,372.17330759672745,53.028992793691316,68.36564908775063,81.40300169194697,91.1181031144327,70.39487048993821,1552.1845328294396,45.20925823775072
SKU-00134,171,0,0,fashion,east,marketplace,1,0,44.56736244203257,67.83696525078908,76.93936256753015,4.374916104459206,353.8966911616031,100.0,19.744135715282233,99.28092950033489,77.42498704059135,89.7123777663335,6085.815453100428,2087.571397651699
SKU-00135,344,0,0,grocery,east,store,0,0,17.809216347873374,21.517065107088776,23.72186019675981,4.741083010336445,136.3208307017195,57.03346293415394,46.06702090987953,94.55051070355938,53.65412101181052,56.212574211803656,1209.5296191524387,208.42772354353988
SKU-00136,72,0,0,beauty,west,online,0,1,17.091062395225805,49.87712769149768,46.42240232763706,3.965091688763607,383.36363566693774,44.68071544196543,42.758957804973534,89.24505208251125,84.02872545286915,61.74988387446551,3079.9068429418694,2024.5357247454317
SKU-00137,65,1,0,sports,north,marketplace,0,0,65.8657884130081,98.67793613917321,108.50955946919028,3.995613212908405,327.62875626013823,41.55309905990909,36.57238338874693,147.0141009450242,92.10401858737892,100.6853988805424,9935.427360881344,3303.704181936216
SKU-00138,46,0,0,fashion,north,store,0,0,40.83199787489464,80.18273219559221,86.07730050841512,4.271536241690481,373.42517712782,73.19789783782963,29.591239368933067,108.89678571104655,88.37583730152882,88.56241965840559,7101.176778063586,3484.996246776042
SKU-00139,227,1,0,home,north,online,1,0,87.80893579677529,129.28424525501782,148.14323210102353,4.24418221194802,163.27824097401424,52.48793626351554,86.67962395389878,108.07422278347993,68.29611381144588,89.80303253570784,11610.117282990797,3724.6085647071054
SKU-00140,10,0,0,beauty,east,store,0,0,11.223573912922213,65.19470184603486,53.0249498850201,4.381293763323637,451.7462092152565,70.64901421954353,44.90350800548782,106.5534979058598,101.75103025762336,64.59596415423651,4211.314623492604,3486.3170453310577
SKU-00141,290,1,0,fashion,south,store,1,0,34.27353344891528,69.15498367467103,78.5583979229461,4.083584958457669,470.4865649337172,55.768588947593955,52.4254870527484,85.34144534144663,84.13309138556993,93.24572271346915,6448.40643198286,3252.5460355944965
SKU-00142,268,0,0,fashion,east,store,1,1,39.9073306558855,73.09456165761767,85.96869251946951,3.4497748883236374,249.70965354823454,48.86943899801734,65.50122203263047,111.82689462684944,98.30119552965574,94.55680315451418,6911.588078324855,3138.07846907418
SKU-00143,259,0,0,sports,west,store,1,0,48.31432623073957,106.48694866991262,131.31595739624908,4.463227453609171,407.45033235462,18.275482541327328,50.86181395109944,119.75036517492595,96.30552262395972,113.62108344465784,12099.162480591138,6609.636388355857
SKU-00144,171,0,1,grocery,north,online,0,0,20.255213150510336,27.487505294318428,26.144271452425937,4.36746357300973,268.46493086627595,53.76037580469709,62.208158607202016,89.38193880649419,102.80958663194264,76.80837625610164,2111.2706489875955,555.5006161756598
SKU-00145,150,0,0,fashion,east,online,1,1,35.45523618053818,73.73233878257658,83.76729128601903,4.353568428640314,102.54851826792947,55.56643291156346,73.66036682689827,98.43355461572521,116.1922361301421,56.40168504736121,4158.628149820221,2158.8930854857
SKU-00146,343,1,0,electronics,north,online,0,0,156.40933560088484,216.02864514012185,220.99102709787755,4.119886420997535,195.86516164593272,83.5877940472208,31.092299004575274,90.98242565583229,116.66659742248751,107.725838905263,23271.867025286992,6422.540135066856
SKU-00147,304,0,0,fashion,east,online,0,0,37.94860370416726,77.50158842417675,80.66781870659611,4.608416799966487,308.5140573739396,71.03872343293648,30.780112019268056,96.42261049118945,85.33190616032059,81.41336141016968,6309.664828239725,3220.1414398610514
SKU-00148,65,0,0,grocery,north,online,0,0,19.637132657274112,29.511158946215566,28.519887969774025,3.9342118689870693,336.0087847732634,73.35517310665826,60.12958839091103,112.62979114448784,63.42721877421975,72.00874547335907,2125.0615331818803,711.0162458376415
SKU-00149,95,0,1,fashion,east,online,0,0,36.47376475512739,81.93861183387507,96.81325359353087,4.365699648859823,369.8697553143786,69.29523097615741,31.781565294821245,116.95168919494661,61.4406691855623,87.83377119857595,7196.977284145511,3993.3489758929677
SKU-00150,90,0,0,beauty,south,online,0,0,15.945387361181663,44.91738765099918,49.32020595105848,3.6152160287975965,343.5253694217827,32.80054779041032,47.050592692622516,102.40203314963216,65.19853694406751,74.25535133896672,3335.3564012535094,2151.3260605130454
SKU-00151,173,0,0,home,west,online,0,0,89.20068809306552,126.41658155918029,118.25844009887044,4.923155590217489,435.3042455370952,52.01942922786145,40.08476646843236,90.81214433196966,124.03001348477926,98.64031791031553,12469.771794132876,3670.987562813995
SKU-00152,234,0,0,sports,north,marketplace,0,0,70.80318808159747,123.19549224617981,115.02444531527604,3.1926153328288307,300.6943816763038,53.67122858847238,52.61833931038861,122.34123569431426,152.66623526820166,85.70354890129212,10558.290894139225,4490.2064020206535
SKU-00153,81,0,0,electronics,east,store,0,0,158.882804598876,273.5054334042691,225.45856816614835,3.9760584508405286,210.1864823116084,71.14507020031014,43.42352767280626,97.58574957242499,96.67303491275437,98.05186270256242,26817.717204560224,11238.962262233184
SKU-00154,20,1,0,grocery,east,store,1,0,19.123777547230077,31.932353277287014,30.99984617906263,3.4976818508968273,319.5317256397496,44.77197519790872,56.78831043693576,115.67805284819772,46.63203467933906,66.50098227642648,2123.532859337453,851.7828676107828
SKU-00155,141,1,0,beauty,west,online,1,0,18.31959512254942,46.51192297439627,49.84721251076962,3.891815481638906,200.97862320607982,54.405959694409454,15.679145263726575,106.38020676745198,82.95309502037493,90.32662010851544,4201.264797024824,2546.51768784849
SKU-00156,184,0,0,grocery,north,marketplace,0,0,17.535946908750454,33.2105931252358,27.45202568052325,3.666085425304793,201.5952529116935,35.803259414171016,49.228927163024714,98.62355264081583,83.05167286390574,36.43359905620039,1209.9814343434464,571.0837755992156
SKU-00157,246,1,1,electronics,north,online,0,0,171.13088674723036,179.99976187056905,201.364694995046,3.837467089604221,315.53792245206887,44.47675431599071,46.963368275217746,99.81370382672596,91.97596305980713,102.15604164728984,18388.063170152105,906.0091764643993
SKU-00158,46,0,0,grocery,east,online,0,0,19.953895118118727,21.682621111451603,25.863483015148155,4.32817861784814,427.3416963890567,66.2085816539876,55.68359414377664,97.0213618346818,66.47511830393178,91.53609357160524,1984.742434935497,158.24082428538438
SKU-00159,252,0,0,home,south,online,0,0,81.60793284955236,149.66822572914643,148.6091935428274,3.8671567534246614,204.58713502454134,42.4629123483819,32.650367550926745,96.17308619502764,116.3523740642341,79.50850670577174,11899.897129026796,5411.372252813993
SKU-00160,59,0,0,home,east,store,0,0,69.7335238327311,138.6590526723988,173.65125621579807,3.655890250808924,167.73250945048198,72.99737700152842,48.17480730701763,80.61746853132753,120.79343557039195,92.2528801977651,12791.696974522405,6358.578554613467
SKU-00161,108,0,0,beauty,west,online,1,0,21.64988105583049,45.549290286807484,40.64158906448239,4.5620197638674345,365.9759157953335,22.708126403460206,27.856221960549526,108.90248358862323,82.4581244636717,73.90818836476586,3366.4655263987675,1766.3620392496716
SKU-00162,187,0,0,sports,east,online,1,0,64.89264895064264,118.30179748507247,124.16420918380723,4.65137112540338,527.3872453371341,47.28823070358133,81.64446289461033,90.51527615201361,84.77004572367403,117.40682546653359,13889.438489707105,6270.598580297971
SKU-00163,39,0,0,electronics,east,marketplace,0,1,154.03547173169605,216.4882446640104,229.97782321981344,4.508697078699805,314.3606689398482,61.91378715289069,50.16422463742498,129.0459753391498,121.3000192958624,110.12250107392337,23840.226955504273,6877.455554308281
SKU-00164,208,0,0,beauty,south,online,0,0,16.664382283611634,41.67946576549181,43.518321601307285,4.276593038312695,362.9751144730859,86.6635879163041,50.88602349225711,96.88015009718761,41.979033040535235,64.91034837593764,2705.42864296104,1623.7377834620056
SKU-00165,15,1,0,grocery,north,online,0,0,19.08000547143343,31.245234911430554,26.761681897249645,4.110814540555851,111.82450792874619,54.29707800177517,64.0503940981965,103.61004239194588,107.54464419176873,61.50347936081041,1921.690660498842,748.2039377823862
SKU-00166,78,0,0,fashion,south,marketplace,0,1,38.47609519373694,75.95807555672319,81.5032760080696,3.973298043111619,490.6682393219874,62.24397275746417,64.13220777387801,102.77412686275095,108.03582564584644,93.03262316036324,7066.579019255027,3487.046954413835
SKU-00167,207,0,0,home,east,store,0,1,70.6701556126323,108.77995351766216,128.0159162968082,4.911506701081238,358.6543276308586,56.15540114611125,69.15319738078014,89.47229153809606,94.54243108982264,99.53562686622718,10827.480863859557,3793.2826242223787
SKU-00168,100,0,0,home,west,online,0,0,82.86600582888221,111.75671905684182,123.53864856782761,4.494409212084994,399.7970185810977,74.72182764344099,69.23633507269682,92.6903990790722,109.46452801402323,128.1524745132224,14321.900090613275,3702.4163906149106
SKU-00169,158,0,0,fashion,north,online,0,0,37.230407364197774,68.06358966853634,72.54519428267979,4.1273951762604275,292.44729757633706,43.00140430493257,68.69493791412938,136.47826537541096,106.574176986902,106.76944525571773,7267.111711022425,3292.041770102641
SKU-00170,104,0,0,sports,west,online,0,0,69.87169641562919,98.6820321713455,110.42035924293751,3.347826990444923,430.0300221438982,66.88548779379668,49.804500627675,129.17842978787905,67.04191709327746,103.39686769314088,10203.413024110881,2978.898474328765
SKU-00171,183,0,0,electronics,west,online,0,1,134.81105099881214,213.34067544139663,200.7552917725616,4.2580756541736555,330.7403722635026,55.86734671822762,16.485274810139984,88.83944664311619,92.11933411099604,68.38524792262656,14589.354982040517,5370.267836776895
SKU-00172,52,1,0,grocery,south,online,1,0,17.96825961439594,20.392894364520703,22.708657632994196,3.425601779247766,435.6744307555823,30.8396561218971,86.76030141262622,89.29713196836227,97.06907479362184,111.01256130043069,2263.867435734562,269.16491382937977
SKU-00173,57,0,0,electronics,north,online,0,0,146.25224957373769,183.77659819227796,208.51716676875694,4.195681217619126,126.1227634284266,74.16618911111013,77.40934135015824,105.20905025062035,129.61420259139928,69.36751988563464,12748.126829617127,2602.970998992079
SKU-00174,353,0,0,sports,north,marketplace,0,1,65.70140728743122,83.7096961726763,93.62970859153549,4.501752099267325,262.24603672776584,56.19996455110535,62.91482313815189,83.42539538317963,103.77035861802987,98.77156499884211,8268.137696552822,1778.7068761469102
SKU-00175,122,0,1,electronics,south,online,0,1,172.57469825276448,221.48153723101757,207.74138250081893,4.603379138129642,365.63447931610074,71.00266798452995,66.18276014335137,89.44957119449407,117.42096795939756,106.8045983923906,23655.24663528814,5223.475295713636
SKU-00176,253,0,0,beauty,east,marketplace,0,0,23.07751934910366,47.80043848541518,40.53824537564242,3.879527019066373,326.9183923682736,49.152873123666986,88.0432063860417,126.53394811090688,102.57326655305489,68.15616651600934,3257.8946449502178,1685.0193934162814
SKU-00177,4,0,1,fashion,east,marketplace,0,0,34.03212402262031,81.19526171530804,87.9680930970638,,284.4524442227469,57.832391877310585,60.88767289894301,95.95921829295848,96.22620428334552,91.8163219143706,7455.050287574294,4330.345832883602
SKU-00178,41,0,1,sports,south,online,0,0,69.88782187944764,122.87003927374037,103.95067825072522,3.439118692026047,389.5787031270864,51.36561767969194,47.05229622893449,116.73574136325038,94.68983525446887,73.06993320716143,8978.10556289351,3871.4070861682762
SKU-00179,288,0,0,sports,east,store,0,1,66.31888439419895,131.99001463347875,122.89827183171298,3.828246538697677,496.043258511149,56.21591901192527,64.64064946836199,127.44837909896667,114.64261776892538,78.95304768939727,10421.01391988129,5184.935877598477
SKU-00180,131,0,0,home,north,online,1,0,87.18105466037531,172.4053687554401,178.99332832054176,3.9233714334901455,270.59410971821234,60.129667640096685,46.72256161821066,109.32572797189646,101.26536839625575,124.34314979388343,21437.426592427397,10597.059653603612
SKU-00181,110,1,0,sports,south,store,0,1,74.84140182335038,99.28027050859158,112.32062528227048,3.63876142946541,506.80799420070025,59.06771799436166,71.94706407261494,94.1998284550838,84.1540592996046,102.4026098314155,10166.558804848692,2502.6039346959533
SKU-00182,64,0,0,sports,north,online,0,0,62.77338574293335,124.23395473176761,134.60333506046743,3.980207749520992,343.5692460475885,47.01615419626233,57.907151885135804,116.4788623298447,68.77630870103025,101.03921912787858,12552.501775266015,6209.9278977869235
SKU-00183,98,0,0,grocery,west,online,0,0,20.80272221421047,27.13916566362688,31.652699787715328,4.174712076613849,379.8878904414864,58.82334704203854,41.08529180469989,75.99882906870202,120.36107257117524,107.95420407479897,2929.787028470953,684.0457092467223
SKU-00184,86,0,0,fashion,west,store,1,0,33.827012477379114,51.241267221431045,64.0667402384601,3.903668399092291,348.1838091778621,62.06338655473513,55.32166664311032,85.42042470340478,92.54335522030816,132.47720216484498,6788.299716876365,2306.9917462778785
SKU-00185,292,1,0,home,east,marketplace,1,0,77.6221326325089,125.50490902890927,141.29330405231232,3.4517025437763262,86.23285789989461,52.52029350695399,39.38797880161606,101.59997123937035,67.7828501837011,47.42807184494204,5952.455842316023,2270.9877590637716
SKU-00186,343,0,0,grocery,east,marketplace,1,0,20.505655336615376,24.962428255722564,23.869591403437152,2.876790858626375,417.8837473385168,71.54917279831018,50.70086398651337,81.93196070803013,88.9955773956575,68.24054182625355,1703.449629469489,304.1325987964482
SKU-00187,13,0,0,fashion,west,store,0,1,36.662813057344266,60.14869404225572,76.51209469419986,4.872207814436356,322.05377236839274,50.59676380000393,52.956193599234,95.90854960283873,109.47358372986136,121.38035236766609,7300.869677303937,2850.724509613621
SKU-00188,50,1,0,beauty,east,online,0,0,18.4823228168579,43.98031843094976,48.44729368950721,4.100545344324074,319.593725086848,100.0,49.63699439542924,94.2218404916038,85.6153378158888,103.73595544844345,4562.34035336136,2645.0589370480398
SKU-00189,229,1,0,home,north,store,0,0,70.71226295084956,141.80292192919092,125.33019562262223,3.6990505005004195,307.8595233218584,49.21411300150631,66.74462449384926,83.66459130113034,88.99018937217983,75.33540426309652,10682.780449223912,5355.643533463278
SKU-00190,322,0,0,electronics,west,marketplace,1,0,156.37779520601478,161.06912906219523,185.10751054610412,3.5359473949998534,369.84575232339023,87.80149574315178,52.0490322936729,113.14587264782762,83.95559864435603,136.31957118253487,21956.87460450282,639.5206195486265
SKU-00191,116,0,0,sports,south,store,1,0,63.9470113917461,94.07370534852761,103.72504738015641,3.9041482680993593,428.18540042238766,25.752514520662878,55.55075482516601,95.47849222572229,106.5157593132291,105.69413876269623,9943.039267028276,3184.2149715293467
SKU-00192,308,0,0,electronics,north,online,1,0,177.25232816713068,198.8390381283088,236.4434031822584,4.1155187354750655,343.64191537358755,69.37022298579635,66.9823801811678,104.71617286081549,80.21419323924741,149.40279432311945,29707.107916890625,3225.114788442728
SKU-00193,2,1,0,beauty,east,online,1,1,15.249232619713588,48.27784065288373,46.6805810937211,4.161586269585187,406.79976542792417,42.030010237714755,71.45630947548051,88.1539807781546,106.51711665526392,97.54180269914015,4709.1076077041125,3221.6699681987175
SKU-00194,272,0,0,home,north,store,0,0,98.590667140151,133.2707882593407,140.91280805371298,4.629696722763034,228.56000399752224,98.35261150376991,42.06252338120905,111.94792501369585,95.47898857673076,89.9482028022892,11987.467889972118,3119.414567636827
SKU-00195,345,0,0,electronics,south,online,0,0,134.27663565533913,215.68331968354235,223.89825083623177,3.7314318031346296,95.76725534393356,25.42430625194624,45.405648870318224,109.37067996906595,82.59216828129195,52.67199043916346,11360.46975225858,4287.852082817521
SKU-00196,182,0,1,electronics,east,online,1,1,175.30543113164578,182.80990399423544,204.69283854182922,4.224562443236024,262.98792467487283,33.77279331236603,81.98810315862607,91.46094112504737,74.93558649780816,109.4974907210025,20017.225766316154,821.720947637427
SKU-00197,214,0,0,grocery,south,store,0,0,19.723093465264196,31.959568836058303,31.333039427511203,4.682967253232777,531.0021038082922,61.30891562466745,45.036717599009,107.13062251239754,98.08096823439101,62.81083581836198,2007.407230987296,768.5832455103787
SKU-00198,95,1,0,sports,north,store,0,0,61.611302681935456,111.66188980013061,120.85409104798185,3.565978809257153,381.57024312901723,34.41907532507123,40.70286231255625,110.28710093646619,71.60715338848185,79.32081741335932,8857.11237286681,3970.053482233792
SKU-00199,287,0,0,electronics,north,marketplace,0,0,164.00888230367977,238.61072126561737,261.4098867009192,4.413150062660178,389.6857649407757,51.08721825241055,89.731215817021,92.10389172918673,116.08550883168225,123.90685036960684,29565.502936442816,9243.678897554308
SKU-00200,304,0,0,fashion,west,marketplace,1,0,28.918801499328616,84.25452838109102,71.1465687236817,4.0958934672960625,446.13927945871234,57.42445970970219,41.442877497685146,85.02084390871707,80.64999909699588,60.05517667439235,5059.920587544026,3323.196854290163
SKU-00201,305,0,0,home,west,store,0,0,75.90465551615053,136.84513229980024,153.28586214300444,4.112698889136346,239.8300294297352,67.32247656817981,47.28284262353652,99.57518754881131,110.36348625051538,102.33954836711442,14004.669035799578,6236.620871315333
SKU-00202,305,1,0,sports,south,online,0,0,70.11075732856946,123.23870560400005,107.66811220135878,4.060187167381363,364.70404450374014,27.568179631507167,58.197618391196,94.43369980355152,59.97444243710296,56.83688550156744,7004.504199775928,3019.627113063845
SKU-00203,29,0,0,fashion,south,online,0,0,36.599539022682755,103.06108160232307,94.2712341761125,3.9349014001810576,604.5353098378313,44.36506432590445,57.848831122259,90.24574876818251,80.93596413851861,74.70159622847788,7698.827304726949,4964.783318506081
SKU-00204,192,0,0,electronics,north,marketplace,0,0,149.44339604158486,184.8005906889371,230.45885380207045,3.6635146143221773,250.28428804055602,55.69035496642447,35.4109204604285,93.21110874844999,109.59657770451122,105.17186227140459,19435.822271611105,3718.5820057545725
SKU-00205,186,1,1,beauty,east,marketplace,1,1,18.749904985616826,39.202288537268714,41.75195890982057,4.324077255485584,559.5325737526775,77.52929517338586,48.403959805322856,89.02340421550736,85.53719073738078,82.06146287205141,3216.9971453005232,1678.3525134688364
SKU-00206,18,0,0,electronics,north,store,1,0,138.6840707273819,179.57299611846796,222.56741871335987,4.399757523041531,137.8843525738287,84.32632886842327,61.74781790739865,108.75047956353752,94.66399624175632,75.83639391560578,13618.168470245684,3100.868652744217
SKU-00207,293,0,0,beauty,east,online,1,1,16.596673136821195,55.18948280954171,54.07653325742226,4.7816882506350415,483.16086731121516,52.31166877690302,81.44181943966565,66.73732350498726,119.17203770177507,93.09352873883326,5137.7837040114155,3592.740836379729
SKU-00208,71,0,0,grocery,north,store,0,1,18.590840474442576,25.28084827453316,24.634019330651913,4.0315307929220845,583.8063116824437,62.059428683143345,71.86501631817295,106.52678060331756,76.21407512740414,71.70009570671972,1812.6392408310876,479.6741995451963
SKU-00209,156,0,0,beauty,north,online,0,1,21.011741141606656,54.08387170244405,49.54229641716486,3.9049316175136894,405.3686007226233,81.84439197488216,54.55887217563271,100.21269674644417,79.22894436404998,69.56461631291644,3762.3237836975195,2300.6500731153315
SKU-00210,21,0,0,fashion,south,online,0,0,42.05129589551743,95.34682314227786,76.93367594758045,4.439150932835015,609.271285536907,61.321753294276796,59.490144731184806,109.05045806018788,84.38132713295428,67.53495739464563,6439.243638628547,3599.3111619351407
SKU-00211,289,0,0,grocery,north,online,1,1,19.715353292846068,32.4216914533284,27.807525089909475,4.350370038282016,419.0509292097961,41.972585986423375,67.16880611095583,103.36456201540219,97.76085841835639,60.75582474530933,1969.8066038849138,771.9840544329007
SKU-00212,66,0,1,grocery,north,store,0,1,18.224549504618647,24.14106326020067,28.709650835522822,4.617186272286121,148.7131786649756,32.76176977942676,52.23997241930365,107.62539975138674,62.612542386568734,72.07881637919914,1740.0592659306346,426.4553085936026
SKU-00213,189,0,1,electronics,south,online,0,0,148.2225190678346,229.82231941972637,213.27219818374456,3.47134953803669,370.2473666942574,58.98298647658821,48.857712195259424,109.09265627128026,133.41611386720805,104.52836787823732,24022.951950934923,8529.49394997326
SKU-00214,186,0,0,home,east,online,1,1,91.72354569073404,107.98004914925679,134.3070088140442,4.2657773805958,209.03962372777985,58.6267147014813,47.255163682673185,86.96493913888081,107.59331824158413,114.97179305027893,12414.659864347299,1869.0393513544207
SKU-00215,35,0,0,home,east,online,0,1,83.06174055957878,108.35622830273651,112.42073628368627,4.104782387152775,497.6179522230954,40.19469981585188,72.08576053637805,98.66792465956075,74.23084065909448,84.92248289872711,9201.879945009712,2148.070702800375
SKU-00216,312,0,0,home,south,marketplace,0,1,63.22320020825575,135.98839190401074,145.41200542854372,3.759294268915565,393.842996927482,53.54842689597218,59.31994663504081,112.064677586274,83.13563531881097,76.22636263258204,10365.900475096805,5546.6258892299675
SKU-00217,3,1,0,beauty,south,online,0,0,18.196906583353893,31.410624808500142,35.374637762072844,3.71483358139,254.6237090457363,50.38215098089941,51.618395157415335,114.81621353289277,90.7015079707609,98.84846578640752,3104.8920717127094,1306.1557738895983
SKU-00218,239,0,0,beauty,west,online,0,1,19.471449231722886,54.28778007574694,53.18914513832962,3.987141671756529,324.3091752983356,46.535824027756526,59.26327871018432,94.05137216883487,98.17194480145895,74.95311166364381,4069.038041988798,2609.5923334705008
SKU-00219,63,0,0,sports,south,marketplace,0,0,66.59820022766638,109.47246343278508,123.72429593294254,4.128372554379039,108.49468208966039,68.27916670328635,34.88389913671256,85.4717580016758,79.39915572146099,59.672075149313216,6532.449064741594,2558.396255947277
SKU-00220,220,0,0,fashion,west,online,0,0,37.87682474911248,71.29032833768431,81.46141086728663,3.22093697878116,553.0737953060619,46.644876499664505,76.23297907035787,71.7160717983345,55.94275745721947,86.60012631658611,6173.7514391943605,2893.6136314500245
SKU-00221,83,1,0,electronics,south,marketplace,0,0,146.19966145530555,211.46707776412777,204.76415838662348,4.402434180703364,328.7155413820428,60.21097869758578,67.9909971441088,94.6903769331857,63.48073132814074,93.61691692451123,19796.895851313504,6110.134290460499
SKU-00222,274,0,0,fashion,west,online,0,0,49.395242984067124,61.088606254716964,73.05735723461794,4.335119605410964,306.283144407816,32.60796854190204,48.96368319834599,77.43650054702357,61.177573157377914,79.4865036928416,4855.719726656106,929.4645627942468
SKU-00223,206,0,0,grocery,east,store,0,0,19.267846395000106,22.16790473784786,22.62762359351428,4.276909750309981,350.95721980670584,77.72006124562151,78.57935013368636,71.06089923550043,64.96060794614124,69.04740534126243,1530.6363040006731,200.24150391191864
SKU-00224,234,0,0,sports,south,store,0,0,66.59284170839472,114.87115874240715,110.48953350402824,4.715449484190873,376.1158933545423,71.84011110392858,54.70712020326877,76.21285180970544,131.1150773275316,86.88499769100578,9980.580362097204,4194.661464025815
SKU-00225,361,0,0,electronics,west,online,1,0,152.96491172541764,201.41548855842746,196.42028642340063,3.838628534935916,453.7950149284823,65.53725053698001,42.591682130474766,110.44753889062675,117.54919082647417,139.9382661982174,28185.734254333234,6780.089718314914
SKU-00226,162,1,0,sports,west,online,0,0,65.1767779346055,108.03036573605698,114.47739938345715,4.197756838460763,306.97393635868934,32.43332675904791,73.47992453019253,102.2468541378115,124.31946462601752,126.89418565188757,13708.425285752528,5437.871126326849
SKU-00227,278,0,0,beauty,north,online,0,0,20.51102691515019,45.660322188362635,47.24425769305973,4.603854293738391,439.5802398933502,43.74410440773215,64.81939707189838,114.92366637312196,46.56735627707876,65.72996945611119,3001.251582797272,1653.0624101509757
SKU-00228,298,0,0,grocery,west,online,0,0,20.659214303754563,28.25644141196432,25.753059863206442,4.002335254187043,304.94000720349794,56.96979642673124,60.310744609037904,106.17012474856156,42.65510903761348,41.005088322518475,1158.6578757776656,311.52496857837275
SKU-00229,119,0,0,grocery,north,marketplace,0,0,19.254289759700807,20.12425742839024,24.77356566296813,4.2219716856525835,387.08374044432776,0.0,50.157073561764996,95.62682320451304,40.88326863844265,65.54960088915834,1319.1370426216604,57.026033469063904
SKU-00230,114,0,0,beauty,east,online,0,0,18.71047540876238,67.5878991081519,59.89470337818133,4.443918658984312,506.200229264403,74.65207563033024,39.29870871119398,81.2384447616967,45.333123262803674,58.69060334239462,3966.7745773023303,2868.6454867390285
SKU-00231,258,0,0,electronics,west,marketplace,0,0,160.8816218145086,218.8428103765245,205.5118622122136,4.35563272422697,361.26186717275823,36.02963397481027,38.44870149543502,104.81870590974337,111.73080341966278,93.521455909275,20466.49824168997,5420.614740551745
SKU-00232,339,0,0,fashion,north,online,0,1,35.34764752142914,90.08281797666373,89.55085677699775,,450.50421732506646,80.60619483033634,44.48822132900239,111.77716910131389,96.67388740654806,75.63071539990405,6813.027968814415,4139.660099065084
SKU-00233,6,1,0,sports,east,online,0,1,65.96775782125712,113.34279527494009,112.2952210121729,4.41483154905348,490.70924214239193,29.882683547948158,55.504006906881195,108.72588702604324,124.03768405624639,93.83690890494493,10635.737555246376,4445.527073909603
SKU-00234,43,1,1,grocery,east,online,0,0,20.835984385680327,23.121164317970216,29.030722425821054,4.6986752500166435,327.8970260048835,55.86652675825927,65.73091637421562,111.65054154884936,83.57470743977193,117.2412656864582,2710.754568783403,267.91738758296145
SKU-00235,62,0,0,sports,east,online,1,0,59.06496938440548,120.48467890733177,114.63393108817658,4.244934784625728,225.3368467704766,90.30301790962577,42.29007625415973,96.71504450115675,71.26864240669948,96.49026909588218,11625.599089699403,5926.404299658076
SKU-00236,233,0,0,home,west,online,0,0,83.16633538489909,146.9107400472045,133.5228442959828,4.104839669962964,237.1942845643669,47.338685492280966,58.87662216128559,88.24674137921852,101.65230977673549,95.23017314311744,13990.335211278803,6070.390692896289
SKU-00237,154,0,0,fashion,west,online,0,0,36.88710040694742,81.49951137886165,79.23119648507716,4.086697159882046,219.28004148514776,89.13014443061961,70.94431114612838,106.7325302797776,129.24779986228017,119.69481548813386,9755.068976865912,5339.874299764073
SKU-00238,183,1,1,home,west,store,0,1,83.41868639533605,165.85287243467087,151.22781810492737,4.1211328792739925,294.6049617819809,51.60622577857307,47.55342530049383,84.32770470360653,93.11128405515899,68.49344959789384,11359.835358770046,5646.201766628584
SKU-00239,116,0,0,beauty,east,online,0,0,15.337652650614967,50.74360125590857,46.4977787342885,4.111739029528628,439.1329093876878,40.03939424439007,52.503220023663026,107.24712732707204,83.87821287082926,73.58177213896779,3733.8041051229043,2605.2324426387186
SKU-00240,156,1,0,beauty,west,online,0,1,15.188696649690227,58.35512126070904,49.55509764287202,4.596139106101093,481.60194022409485,54.98556469551761,45.61412170858813,100.85687729816097,86.81184768994007,73.85401535255984,4309.760021488897,3188.0137859373003
SKU-00241,283,0,0,home,south,store,1,0,74.44615254333698,164.9011704977654,160.5317201086179,3.5473858914169667,416.0631263447975,43.10456328240325,50.11633930044899,68.3698877228563,109.86014633097878,94.37063174394707,15561.827635190448,8536.297188769486
SKU-00242,157,0,0,home,north,marketplace,0,1,83.24955826760119,168.6120508793999,145.91044324677856,4.592857813708094,351.0979848612842,25.606129836040328,58.88110412888854,89.93547306210156,113.03492149998957,71.42693646132366,12043.44224477637,6097.181335963158
SKU-00243,144,0,0,electronics,south,online,1,0,157.67928284311202,217.7252936477651,235.37962606095866,2.8164602561200764,232.05828820012954,84.11471269340366,87.45800829026061,127.834436578105,104.87420326784422,127.63205851007126,27788.727417974005,7663.795964315855
SKU-00244,16,0,0,grocery,west,marketplace,0,0,19.163057570368693,27.098092957152154,27.64033451457578,3.572747359189615,424.14904932609267,43.13025148664947,87.64670777150815,109.04152653250566,73.30504463050833,76.79841749223309,2081.090656166712,609.3981604498395
SKU-00245,139,0,0,grocery,north,online,0,0,19.83848005229722,31.392502756802,27.864528816858737,4.174759613821395,382.907502568257,72.54972322089017,61.390669928394765,91.56025855297753,60.52837642226776,56.17767089773903,1763.557688527988,649.078085038674
SKU-00246,275,0,0,home,east,online,1,0,85.81354620667736,146.2962901313926,152.84252209098258,4.812817538761888,404.89473199696863,74.55401433541226,38.140007632549406,100.30736179032561,59.23394877155882,88.58955739619367,12960.323591445205,5358.139514397844
SKU-00247,51,0,0,grocery,west,online,0,0,19.466693069490805,29.511100906533073,26.10951931097661,4.833511259989846,386.2552999894283,59.5870855101405,60.009633325133024,127.31082969544664,101.06944836396454,64.53794971108992,1904.5859462247317,648.2454878647114
SKU-00248,129,0,0,fashion,east,store,0,0,41.532574344495934,110.6024013028644,104.73663315306679,4.505370530226911,272.73735885932314,60.49816135547873,52.9990106809004,109.54410058338101,80.88272906196224,82.66982577902661,9143.481246449785,5709.990561235835
SKU-00249,105,1,0,fashion,east,online,0,1,43.00296024785378,83.89371351980279,80.39893902225927,4.336405117453646,207.772570277062,41.94417568736042,53.22856832489677,112.51390357139314,71.13681657920988,67.23973170657509,5640.99078893981,2749.4832792856087
SKU-00250,174,0,0,fashion,south,online,0,0,35.874106650893566,67.65490435505853,67.49824157811335,4.276078660468596,201.2379042693925,82.68008786078312,59.18722697632796,103.73907192685657,76.93397338414498,77.86457823109892,5267.92059287197,2474.598409082682
